Date,Open,High,Low,Close,Volume,Returns,Anomaly
2011-08-29,42.8,42.8,39.15,40.05,32127.0,,1.0
2011-08-30,41.3,41.3,39.65,40.0,3843.0,-0.0012484394506865337,1.0
2011-09-02,39.0,40.9,39.0,40.1,2070.0,0.0024999999999999467,1.0
2011-09-05,40.0,40.05,40.0,40.0,3215.0,-0.0024937655860349794,1.0
2011-09-06,40.05,42.4,40.0,41.5,11876.0,0.03750000000000009,1.0
2011-09-07,43.0,43.75,42.05,43.0,24344.0,0.03614457831325302,1.0
2011-09-08,42.55,43.5,42.3,42.4,5820.0,-0.013953488372093092,1.0
2011-09-09,42.5,42.7,42.0,42.0,4700.0,-0.009433962264150941,1.0
2011-09-12,41.8,42.95,41.6,41.6,14401.0,-0.00952380952380949,1.0
2011-09-13,42.75,42.75,40.2,41.55,2771.0,-0.0012019230769231282,1.0
2011-09-14,41.5,41.5,41.05,41.05,1000.0,-0.012033694344163681,1.0
2011-09-15,40.1,42.25,40.1,42.05,6335.0,0.02436053593179044,1.0
2011-09-16,42.25,42.75,41.9,42.2,9850.0,0.003567181926278362,1.0
2011-09-19,42.0,43.0,42.0,43.0,5001.0,0.018957345971563955,1.0
2011-09-20,42.0,43.5,41.85,42.85,4289.0,-0.0034883720930232176,1.0
2011-09-21,42.65,42.7,42.65,42.7,2600.0,-0.003500583430571691,1.0
2011-09-23,41.25,41.5,40.8,41.1,2200.0,-0.0374707259953162,1.0
2011-09-26,40.05,40.05,40.0,40.05,1050.0,-0.025547445255474588,1.0
2011-09-27,38.0,42.0,38.0,41.0,10102.0,0.02372034956304625,1.0
2011-09-28,39.0,42.0,39.0,42.0,72019.0,0.024390243902439046,1.0
2011-09-29,42.25,42.25,41.0,41.0,2400.0,-0.023809523809523836,1.0
2011-09-30,39.75,41.85,39.75,41.65,11715.0,0.01585365853658538,1.0
2011-10-03,41.0,41.0,39.4,39.45,3851.0,-0.05282112845138043,1.0
2011-10-04,41.0,41.0,41.0,41.0,1.0,0.03929024081115329,1.0
2011-10-05,39.0,40.95,38.2,39.4,5791.0,-0.039024390243902474,1.0
2011-10-07,40.9,41.95,39.9,40.6,52896.0,0.030456852791878264,1.0
2011-10-10,41.7,41.7,40.2,40.8,18998.0,0.004926108374384119,1.0
2011-10-11,41.0,41.0,40.1,40.1,1200.0,-0.017156862745097978,1.0
2011-10-12,40.8,41.95,40.5,41.85,11790.0,0.043640897755610863,1.0
2011-10-13,41.05,41.6,41.0,41.45,3025.0,-0.009557945041815952,1.0
2011-10-14,40.25,40.35,40.2,40.35,1050.0,-0.026537997587454787,1.0
2011-10-17,41.0,41.25,40.2,40.2,10550.0,-0.0037174721189591198,1.0
2011-10-18,46.0,46.0,39.55,40.25,3821.0,0.0012437810945273853,1.0
2011-10-19,41.25,41.9,40.35,40.9,17248.0,0.01614906832298124,1.0
2011-10-20,40.75,41.0,40.25,40.95,10601.0,0.0012224938875307068,1.0
2011-10-21,40.0,40.0,40.0,40.0,400.0,-0.023199023199023228,1.0
2011-10-24,41.0,41.0,41.0,41.0,2000.0,0.02499999999999991,1.0
2011-10-24,41.0,41.0,41.0,41.0,2000.0,0.0,1.0
2011-10-25,39.7,41.4,39.7,41.4,505.0,0.009756097560975618,1.0
2011-10-26,41.6,41.6,41.0,41.0,7600.0,-0.009661835748792202,1.0
2011-10-28,40.25,41.3,39.5,40.75,5428.0,-0.0060975609756097615,1.0
2011-10-31,41.0,42.0,40.25,40.9,10719.0,0.0036809815950920033,1.0
2011-11-01,41.3,41.3,40.5,40.55,73.0,-0.008557457212713948,1.0
2011-11-02,40.5,42.75,40.5,41.6,6743.0,0.02589395807644901,1.0
2011-11-03,47.8,47.8,42.6,44.9,53429.0,0.0793269230769229,1.0
2011-11-04,45.0,47.4,43.0,45.45,43027.0,0.012249443207126953,1.0
2011-11-08,47.0,49.9,46.6,48.25,63607.0,0.06160616061606161,1.0
2011-11-09,51.0,51.0,46.1,46.55,55017.0,-0.03523316062176174,1.0
2011-11-11,46.4,46.5,45.1,45.85,13862.0,-0.015037593984962294,1.0
2011-11-14,44.6,44.75,43.3,43.3,711.0,-0.055616139585605295,1.0
2011-11-15,44.7,49.0,41.3,41.9,14490.0,-0.0323325635103926,1.0
2011-11-16,40.45,42.0,40.45,41.85,2453.0,-0.0011933174224343368,1.0
2011-11-17,43.2,43.2,40.85,40.9,302.0,-0.022700119474313052,1.0
2011-11-18,38.1,41.5,37.75,38.25,2084.0,-0.0647921760391198,1.0
2011-11-21,39.8,39.8,39.0,39.15,5428.0,0.0235294117647058,1.0
2011-11-22,39.0,41.0,39.0,41.0,765.0,0.04725415070242667,1.0
2011-11-23,41.0,41.0,39.0,39.5,564.0,-0.03658536585365857,1.0
2011-11-24,39.0,40.0,38.65,39.55,183.0,0.0012658227848101333,1.0
2011-11-25,41.0,42.0,39.0,40.0,3526.0,0.01137800252844512,1.0
2011-11-28,42.5,42.5,39.95,41.0,28501.0,0.02499999999999991,1.0
2011-11-29,39.9,41.75,39.6,39.8,63682.0,-0.029268292682926855,1.0
2011-11-30,42.0,42.0,39.15,39.5,1059.0,-0.007537688442211032,1.0
2011-12-01,42.5,42.5,39.15,40.85,1496.0,0.03417721518987338,1.0
2011-12-02,41.0,42.7,40.8,41.15,1653.0,0.007343941248469932,1.0
2011-12-05,40.1,40.25,39.1,39.9,13200.0,-0.03037667071688943,1.0
2011-12-07,38.55,40.6,38.55,39.8,3750.0,-0.0025062656641604564,1.0
2011-12-08,39.9,39.9,39.0,39.0,206.0,-0.02010050251256279,1.0
2011-12-09,39.95,39.95,38.1,39.55,5101.0,0.014102564102564052,1.0
2011-12-12,38.3,39.0,38.15,38.45,3855.0,-0.027812895069532106,1.0
2011-12-13,37.0,38.0,37.0,38.0,297.0,-0.011703511053316018,1.0
2011-12-14,37.25,37.35,37.1,37.15,1797.0,-0.022368421052631593,1.0
2011-12-15,36.0,36.05,36.0,36.0,202.0,-0.030955585464333746,1.0
2011-12-16,37.9,37.9,37.4,37.4,601.0,0.03888888888888875,1.0
2011-12-20,33.7,33.7,33.7,33.7,500.0,-0.0989304812834223,1.0
2011-12-21,27.1,32.0,27.1,27.95,4201.0,-0.17062314540059353,1.0
2011-12-22,26.0,27.1,26.0,27.1,968.0,-0.030411449016100156,1.0
2011-12-23,26.0,28.0,25.75,27.5,1155.0,0.014760147601476037,1.0
2011-12-26,29.0,29.9,27.1,29.0,3250.0,0.05454545454545445,1.0
2011-12-28,28.1,30.45,25.1,26.9,4306.0,-0.07241379310344831,1.0
2011-12-29,26.0,31.0,25.6,26.2,2374.0,-0.026022304832713727,1.0
2011-12-30,29.7,29.7,29.7,29.7,200.0,0.13358778625954204,1.0
2012-01-02,30.45,30.45,28.65,28.65,208.0,-0.03535353535353536,1.0
2012-01-03,27.0,27.0,27.0,27.0,200.0,-0.05759162303664922,1.0
2012-01-06,22.75,30.9,22.75,29.1,2312.0,0.07777777777777772,1.0
2012-01-07,29.7,29.7,25.4,26.55,590.0,-0.08762886597938147,1.0
2012-01-09,31.75,31.8,27.15,29.95,7120.0,0.128060263653484,1.0
2012-01-11,29.3,29.3,29.3,29.3,131.0,-0.02170283806343898,1.0
2012-01-12,30.0,30.4,30.0,30.4,442.0,0.03754266211604085,1.0
2012-01-13,30.55,32.8,30.0,32.8,602.0,0.07894736842105265,1.0
2012-01-16,28.8,30.5,28.8,30.5,60.0,-0.07012195121951215,1.0
2012-01-17,29.0,36.0,29.0,31.35,375.0,0.02786885245901649,1.0
2012-01-18,30.0,33.7,29.6,29.6,361.0,-0.05582137161084533,1.0
2012-01-19,32.6,32.6,29.7,29.7,101.0,0.0033783783783782884,1.0
2012-01-20,33.0,35.6,30.1,34.95,2736.0,0.1767676767676769,1.0
2012-01-23,34.95,39.9,33.5,37.0,50317.0,0.05865522174535043,1.0
2012-01-24,36.5,37.1,36.0,36.0,1429.0,-0.027027027027026973,1.0
2012-01-25,35.55,38.0,35.55,36.55,32350.0,0.015277777777777724,1.0
2012-01-27,35.5,35.5,35.4,35.4,201.0,-0.03146374829001364,1.0
2012-01-30,34.75,36.25,34.55,34.55,420.0,-0.024011299435028333,1.0
2012-01-31,34.55,37.0,31.05,34.05,418.0,-0.01447178002894356,1.0
2012-02-01,37.0,38.4,37.0,38.05,2513.0,0.11747430249632895,1.0
2012-02-02,38.0,38.0,38.0,38.0,2000.0,-0.0013140604467805073,1.0
2012-02-03,38.0,38.0,38.0,38.0,150.0,0.0,1.0
2012-02-06,38.0,38.0,38.0,38.0,84.0,0.0,1.0
2012-02-07,38.0,38.0,37.5,37.5,200.0,-0.013157894736842146,1.0
2012-02-08,38.0,38.0,37.5,37.5,250.0,0.0,1.0
2012-02-09,40.25,40.3,38.0,38.05,2502.0,0.014666666666666606,1.0
2012-02-10,38.0,38.25,37.55,37.55,4010.0,-0.013140604467805517,1.0
2012-02-14,36.0,39.0,36.0,39.0,1010.0,0.038615179760319585,1.0
2012-02-15,39.0,40.75,39.0,39.9,11300.0,0.023076923076922995,1.0
2012-02-16,40.25,40.25,37.0,39.0,9153.0,-0.022556390977443552,1.0
2012-02-17,40.75,40.75,38.05,39.0,4701.0,0.0,1.0
2012-02-21,37.5,38.9,36.55,38.3,5511.0,-0.017948717948717996,1.0
2012-02-22,38.0,38.0,37.75,38.0,1900.0,-0.007832898172323688,1.0
2012-02-23,37.05,37.75,37.05,37.75,1000.0,-0.006578947368421018,1.0
2012-02-24,44.5,44.5,37.0,37.75,176.0,0.0,1.0
2012-02-27,40.0,40.0,38.0,39.25,33815.0,0.039735099337748325,1.0
2012-02-28,40.0,40.0,36.0,36.4,23493.0,-0.07261146496815285,1.0
2012-02-29,37.6,37.6,36.75,37.55,4676.0,0.03159340659340648,1.0
2012-03-01,35.5,37.05,35.5,36.75,4050.0,-0.02130492676431417,1.0
2012-03-02,36.5,36.5,36.5,36.5,2500.0,-0.006802721088435382,1.0
2012-03-03,38.0,38.0,37.5,37.85,6100.0,0.03698630136986303,1.0
2012-03-05,36.3,37.8,35.3,37.5,13701.0,-0.009247027741083214,1.0
2012-03-06,37.0,40.0,36.95,38.05,69957.0,0.014666666666666606,1.0
2012-03-07,38.25,38.5,37.5,37.8,3303.0,-0.006570302233902758,1.0
2012-03-09,37.8,38.0,37.8,38.0,5220.0,0.005291005291005346,1.0
2012-03-12,36.8,37.5,36.8,37.5,1079.0,-0.013157894736842146,1.0
2012-03-13,37.7,37.7,36.15,37.0,5270.0,-0.013333333333333308,1.0
2012-03-14,37.0,37.0,36.0,36.0,100.0,-0.027027027027026973,1.0
2012-03-15,36.0,36.5,35.55,35.6,2150.0,-0.011111111111111072,1.0
2012-03-16,38.25,39.0,38.25,38.85,885.0,0.09129213483146059,1.0
2012-03-19,45.1,45.1,37.5,37.85,2060.0,-0.025740025740025763,1.0
2012-03-20,38.0,40.0,37.05,40.0,8753.0,0.056803170409511106,1.0
2012-03-21,35.45,39.95,35.45,39.4,13760.0,-0.015000000000000013,1.0
2012-03-22,39.25,39.5,37.75,38.5,7756.0,-0.022842639593908642,1.0
2012-03-23,38.0,39.45,36.25,38.95,22254.0,0.011688311688311748,1.0
2012-03-26,36.4,39.5,36.4,39.45,13272.0,0.012836970474968012,1.0
2012-03-27,39.5,39.5,36.7,37.75,4686.0,-0.043092522179974724,1.0
2012-03-28,37.7,37.7,34.5,35.75,6574.0,-0.052980132450331174,1.0
2012-03-29,36.0,36.4,35.25,35.25,3301.0,-0.013986013986013957,1.0
2012-03-30,41.8,41.8,35.2,35.25,2515.0,0.0,1.0
2012-04-02,34.8,36.9,34.8,35.2,1350.0,-0.0014184397163119478,1.0
2012-04-03,34.0,37.55,34.0,37.5,442.0,0.06534090909090895,1.0
2012-04-04,37.5,37.5,37.5,37.5,50.0,0.0,1.0
2012-04-09,37.5,39.25,37.5,38.5,1218.0,0.026666666666666616,1.0
2012-04-10,37.15,38.9,37.0,38.5,5112.0,0.0,1.0
2012-04-12,39.4,39.4,36.1,37.0,295.0,-0.038961038961038974,1.0
2012-04-13,38.0,38.0,37.5,37.85,900.0,0.02297297297297307,1.0
2012-04-16,36.0,39.0,36.0,38.5,1487.0,0.017173051519154603,1.0
2012-04-17,38.0,38.0,38.0,38.0,200.0,-0.012987012987012991,1.0
2012-04-18,39.95,39.95,37.55,39.35,1653.0,0.03552631578947363,1.0
2012-04-19,39.75,39.75,37.5,38.9,506.0,-0.0114358322744601,1.0
2012-04-20,39.8,39.8,38.2,38.2,1204.0,-0.017994858611825038,1.0
2012-04-23,42.4,43.1,37.5,38.3,41324.0,0.002617801047120283,1.0
2012-04-24,37.5,38.05,36.7,37.15,10247.0,-0.030026109660574396,1.0
2012-04-25,36.05,37.5,35.25,37.35,14899.0,0.0053835800807537915,1.0
2012-04-26,38.0,38.0,36.25,36.9,116.0,-0.012048192771084376,1.0
2012-04-27,36.6,37.85,36.5,37.2,1230.0,0.008130081300813163,1.0
2012-04-30,33.35,37.0,33.35,36.1,1501.0,-0.029569892473118364,1.0
2012-05-02,36.55,37.1,36.55,37.1,13691.0,0.027700831024930705,1.0
2012-05-03,36.15,38.3,36.1,37.55,3402.0,0.012129380053908179,1.0
2012-05-04,38.0,38.0,36.4,36.45,313.0,-0.0292942743009319,1.0
2012-05-07,32.85,38.3,32.85,36.85,4039.0,0.010973936899862702,1.0
2012-05-08,36.05,36.05,36.0,36.0,1090.0,-0.023066485753052923,1.0
2012-05-09,35.5,37.0,35.5,37.0,7000.0,0.02777777777777768,1.0
2012-05-10,35.75,36.0,35.0,35.6,4335.0,-0.037837837837837784,1.0
2012-05-11,35.1,35.2,35.1,35.15,450.0,-0.012640449438202306,1.0
2012-05-14,31.1,35.4,31.1,35.0,916.0,-0.004267425320056861,1.0
2012-05-15,35.0,35.75,32.5,35.75,16228.0,0.021428571428571352,1.0
2012-05-16,35.8,35.8,34.0,34.0,227.0,-0.04895104895104896,1.0
2012-05-17,31.7,34.4,31.7,32.85,1199.0,-0.0338235294117647,1.0
2012-05-18,32.7,32.7,32.65,32.65,299.0,-0.006088280060882911,1.0
2012-05-21,36.8,36.8,33.2,33.2,101.0,0.016845329249617347,1.0
2012-05-22,33.5,35.45,31.6,34.3,2691.0,0.033132530120481674,1.0
2012-05-23,33.2,33.2,33.2,33.2,200.0,-0.03206997084548091,1.0
2012-05-24,34.85,34.85,33.0,33.0,1002.0,-0.006024096385542244,1.0
2012-05-25,35.65,35.65,32.5,34.15,345.0,0.034848484848484906,1.0
2012-05-28,32.8,32.8,32.7,32.7,1501.0,-0.04245973645680812,1.0
2012-05-29,34.45,35.0,33.0,33.0,5417.0,0.00917431192660545,1.0
2012-05-30,31.85,33.3,31.8,32.35,170.0,-0.019696969696969657,1.0
2012-05-31,35.35,35.35,35.15,35.15,51.0,0.08655332302936625,1.0
2012-06-01,35.15,35.15,31.55,31.55,573.0,-0.10241820768136556,1.0
2012-06-04,30.05,33.35,30.05,31.15,518.0,-0.01267828843106189,1.0
2012-06-05,33.0,33.0,31.25,31.3,504.0,0.0048154093097914075,1.0
2012-06-06,28.7,32.9,28.7,32.0,674.0,0.022364217252396124,1.0
2012-06-08,32.5,32.5,32.0,32.25,630.0,0.0078125,1.0
2012-06-11,33.8,33.8,32.0,33.25,364.0,0.03100775193798455,1.0
2012-06-12,32.5,32.5,32.5,32.5,261.0,-0.022556390977443663,1.0
2012-06-13,26.7,33.0,26.7,32.05,707.0,-0.013846153846153952,1.0
2012-06-14,30.15,33.8,30.15,31.55,500.0,-0.015600624024960874,1.0
2012-06-15,31.35,31.5,31.35,31.5,180.0,-0.0015847860538827918,1.0
2012-06-18,30.75,33.2,30.5,33.2,610.0,0.053968253968254,1.0
2012-06-19,31.6,31.6,31.6,31.6,1000.0,-0.048192771084337394,1.0
2012-06-20,31.05,31.05,31.0,31.0,700.0,-0.01898734177215189,1.0
2012-06-21,31.0,31.05,31.0,31.0,505.0,0.0,1.0
2012-06-22,35.6,35.6,31.05,31.85,4310.0,0.02741935483870983,1.0
2012-06-25,30.7,30.7,30.7,30.7,45.0,-0.03610675039246469,1.0
2012-06-26,31.05,31.05,29.8,31.05,265.0,0.01140065146579805,1.0
2012-06-27,30.6,31.05,30.6,31.05,369.0,0.0,1.0
2012-06-28,30.55,30.65,30.5,30.65,510.0,-0.012882447665056418,1.0
2012-06-29,30.45,31.5,30.45,30.55,910.0,-0.0032626427406198255,1.0
2012-07-02,27.4,33.4,27.15,32.65,593.0,0.06873977086743044,1.0
2012-07-03,30.2,31.1,30.2,31.1,116.0,-0.04747320061255733,1.0
2012-07-04,32.45,32.45,31.1,31.1,110.0,0.0,1.0
2012-07-05,35.9,35.9,31.05,31.25,18.0,0.004823151125401992,1.0
2012-07-09,31.1,31.9,31.1,31.2,775.0,-0.0016000000000000458,1.0
2012-07-10,34.95,34.95,30.05,31.8,342.0,0.019230769230769384,1.0
2012-07-11,31.5,31.5,31.5,31.5,124.0,-0.009433962264150941,1.0
2012-07-12,30.55,30.75,30.55,30.75,116.0,-0.023809523809523836,1.0
2012-07-13,30.25,31.9,30.25,30.95,3860.0,0.006504065040650486,1.0
2012-07-16,30.85,31.3,30.0,31.25,4264.0,0.009693053311793154,1.0
2012-07-17,30.8,30.8,30.75,30.75,14.0,-0.016000000000000014,1.0
2012-07-18,30.35,31.0,30.0,31.0,400.0,0.008130081300812941,1.0
2012-07-19,30.55,30.55,30.55,30.55,12.0,-0.014516129032258074,1.0
2012-07-20,30.2,31.7,30.2,31.0,89367.0,0.014729950900163713,1.0
2012-07-23,31.65,31.65,31.65,31.65,50.0,0.020967741935483897,1.0
2012-07-24,27.1,32.5,27.1,30.35,6976.0,-0.041074249605055235,1.0
2012-07-25,29.0,30.5,29.0,30.5,108.0,0.0049423393739702615,1.0
2012-07-26,29.8,29.8,29.8,29.8,50.0,-0.022950819672131084,1.0
2012-07-27,28.9,29.8,28.85,29.8,1065.0,0.0,1.0
2012-07-30,28.3,30.4,28.3,30.4,11000.0,0.020134228187919323,1.0
2012-07-31,29.5,30.0,29.5,29.85,1665.0,-0.018092105263157854,1.0
2012-08-01,30.0,30.2,29.85,30.15,239.0,0.010050251256281229,1.0
2012-08-02,29.55,31.45,29.55,31.35,844.0,0.03980099502487566,1.0
2012-08-03,30.3,30.3,30.3,30.3,70.0,-0.03349282296650724,1.0
2012-08-06,31.5,31.5,30.0,30.15,101325.0,-0.004950495049505066,1.0
2012-08-07,28.25,31.75,28.25,30.0,100684.0,-0.00497512437810943,1.0
2012-08-08,33.0,35.2,30.5,30.5,401.0,0.016666666666666607,1.0
2012-08-09,27.5,30.0,27.5,29.9,751.0,-0.019672131147541072,1.0
2012-08-10,29.2,31.5,29.2,30.5,362.0,0.02006688963210701,1.0
2012-08-14,29.25,29.25,29.15,29.25,405.0,-0.040983606557377095,1.0
2012-08-16,28.3,29.5,28.2,29.05,3448.0,-0.006837606837606813,1.0
2012-08-17,28.8,29.5,28.65,28.85,1704.0,-0.0068846815834767705,1.0
2012-08-21,27.6,31.3,27.6,30.55,386.0,0.05892547660311953,1.0
2012-08-22,28.75,29.1,28.75,29.1,711.0,-0.04746317512274956,1.0
2012-08-23,29.0,30.5,29.0,30.2,2534.0,0.03780068728522323,1.0
2012-08-24,29.5,30.45,29.0,29.95,1766.0,-0.008278145695364225,1.0
2012-08-27,30.05,30.25,29.55,30.0,4165.0,0.0016694490818029983,1.0
2012-08-28,29.25,29.95,29.0,29.15,16940.0,-0.028333333333333433,1.0
2012-08-29,28.6,30.95,28.6,30.8,876.0,0.05660377358490565,1.0
2012-08-30,30.0,30.0,28.7,29.05,40.0,-0.05681818181818177,1.0
2012-08-31,29.0,29.25,29.0,29.0,1730.0,-0.0017211703958691649,1.0
2012-09-03,26.25,30.0,26.2,30.0,1176.0,0.034482758620689724,1.0
2012-09-04,29.25,29.25,29.25,29.25,100.0,-0.025000000000000022,1.0
2012-09-05,26.35,30.95,26.35,29.2,242.0,-0.0017094017094017033,1.0
2012-09-06,29.1,29.1,29.1,29.1,315.0,-0.003424657534246478,1.0
2012-09-07,32.0,32.0,29.3,30.85,602.0,0.06013745704467355,1.0
2012-09-10,30.0,31.5,30.0,30.7,1843.0,-0.004862236628849326,1.0
2012-09-11,30.0,30.0,30.0,30.0,30.0,-0.0228013029315961,1.0
2012-09-12,32.0,32.1,32.0,32.0,8335.0,0.06666666666666665,1.0
2012-09-13,32.45,32.45,31.0,32.4,12130.0,0.012499999999999956,1.0
2012-09-14,30.6,33.5,30.0,33.2,6378.0,0.024691358024691468,1.0
2012-09-17,34.0,35.05,33.0,35.0,3404.0,0.054216867469879526,1.0
2012-09-20,32.45,33.0,32.0,33.0,1113.0,-0.05714285714285716,1.0
2012-09-21,35.8,35.8,32.4,33.5,301.0,0.015151515151515138,1.0
2012-09-25,30.6,32.0,30.6,32.0,2516.0,-0.04477611940298509,1.0
2012-09-26,31.0,31.75,31.0,31.35,3151.0,-0.020312499999999956,1.0
2012-09-27,34.0,34.0,31.0,31.35,11551.0,0.0,1.0
2012-09-28,32.1,33.05,32.0,32.05,1320.0,0.022328548644338087,1.0
2012-10-01,31.0,32.9,31.0,32.9,1455.0,0.026521060842433775,1.0
2012-10-03,32.5,34.0,32.5,33.7,988.0,0.024316109422492627,1.0
2012-10-04,40.4,40.4,34.0,34.05,4342.0,0.010385756676557722,1.0
2012-10-05,31.4,35.0,31.4,34.65,7590.0,0.017621145374449476,1.0
2012-10-08,33.05,34.45,33.05,33.6,4576.0,-0.030303030303030276,1.0
2012-10-10,33.25,34.05,32.4,34.05,2355.0,0.013392857142856984,1.0
2012-10-11,34.5,34.5,34.5,34.5,2360.0,0.013215859030837107,1.0
2012-10-12,32.8,34.0,32.1,34.0,4362.0,-0.01449275362318836,1.0
2012-10-15,36.0,36.0,32.05,33.5,4800.0,-0.014705882352941124,1.0
2012-10-16,34.0,35.2,34.0,34.1,1933.0,0.017910447761193993,1.0
2012-10-17,35.3,35.3,34.5,34.5,2335.0,0.011730205278592365,1.0
2012-10-18,34.5,35.35,34.5,34.55,1460.0,0.0014492753623187582,1.0
2012-10-19,40.75,40.75,33.4,34.75,3792.0,0.005788712011577601,1.0
2012-10-22,34.55,35.0,34.5,35.0,800.0,0.007194244604316502,1.0
2012-10-23,34.05,37.05,34.05,36.95,4404.0,0.05571428571428583,1.0
2012-10-25,36.0,36.0,36.0,36.0,100.0,-0.02571041948579167,1.0
2012-10-26,35.5,35.5,35.5,35.5,400.0,-0.01388888888888884,1.0
2012-10-29,35.0,35.0,34.55,34.55,3406.0,-0.026760563380281766,1.0
2012-10-30,34.0,34.0,33.8,33.8,285.0,-0.02170767004341534,1.0
2012-10-31,33.8,33.8,33.05,33.55,2417.0,-0.007396449704141994,1.0
2012-11-01,34.0,34.0,33.8,34.0,2785.0,0.013412816691505292,1.0
2012-11-02,34.2,34.2,34.2,34.2,201.0,0.00588235294117645,1.0
2012-11-05,31.55,35.0,31.55,35.0,4148.0,0.023391812865497075,1.0
2012-11-06,33.95,35.1,33.7,34.05,1607.0,-0.027142857142857246,1.0
2012-11-07,35.0,35.0,33.55,33.7,1787.0,-0.010279001468428639,1.0
2012-11-08,32.55,32.55,32.45,32.45,360.0,-0.0370919881305638,1.0
2012-11-09,37.95,37.95,32.75,32.75,861.0,0.009244992295839749,1.0
2012-11-12,36.9,36.9,33.1,33.1,652.0,0.010687022900763399,1.0
2012-11-13,34.0,34.0,31.65,33.0,3352.0,-0.0030211480362538623,1.0
2012-11-15,33.0,33.0,33.0,33.0,201.0,0.0,1.0
2012-11-16,32.95,35.8,32.95,34.0,10800.0,0.030303030303030276,1.0
2012-11-19,35.8,35.8,33.0,33.95,1375.0,-0.0014705882352940014,1.0
2012-11-20,32.55,32.55,32.55,32.55,34.0,-0.04123711340206204,1.0
2012-11-21,32.55,34.0,32.55,32.55,1992.0,0.0,1.0
2012-11-22,32.55,33.3,32.55,33.25,1027.0,0.021505376344086002,1.0
2012-11-23,32.3,32.3,32.05,32.05,1700.0,-0.03609022556390984,1.0
2012-11-26,32.5,34.0,32.5,33.0,1365.0,0.029641185647425905,1.0
2012-11-27,33.05,35.9,32.5,33.35,4103.0,0.01060606060606073,1.0
2012-11-29,33.5,33.5,32.4,32.4,4636.0,-0.028485757121439415,1.0
2012-11-30,31.55,32.0,31.55,31.9,1535.0,-0.015432098765432056,1.0
2012-12-03,32.75,32.75,31.75,31.8,3021.0,-0.0031347962382444194,1.0
2012-12-04,31.55,32.85,31.55,32.05,1285.0,0.007861635220125729,1.0
2012-12-05,31.75,31.8,31.75,31.75,510.0,-0.009360374414976502,1.0
2012-12-06,31.55,32.0,30.45,31.9,6307.0,0.0047244094488188,1.0
2012-12-07,31.9,31.9,31.05,31.25,349.0,-0.02037617554858928,1.0
2012-12-10,31.5,31.5,31.5,31.5,246.0,0.008000000000000007,1.0
2012-12-11,31.05,31.55,31.05,31.55,890.0,0.0015873015873015817,1.0
2012-12-12,31.5,31.5,31.25,31.25,1652.0,-0.009508716323296418,1.0
2012-12-13,30.3,30.6,30.3,30.5,815.0,-0.02400000000000002,1.0
2012-12-14,30.0,30.2,30.0,30.2,913.0,-0.00983606557377048,1.0
2012-12-17,31.95,31.95,31.95,31.95,200.0,0.057947019867549576,1.0
2012-12-18,32.5,32.5,29.75,30.05,14370.0,-0.05946791862284817,1.0
2012-12-19,29.45,30.65,29.45,30.2,985.0,0.004991680532445919,1.0
2012-12-20,30.1,30.1,29.0,29.15,1639.0,-0.03476821192052981,1.0
2012-12-21,28.2,29.45,28.2,29.45,510.0,0.010291595197255532,1.0
2012-12-24,28.2,28.2,27.15,27.15,175.0,-0.07809847198641773,1.0
2012-12-26,28.3,28.7,28.3,28.7,635.0,0.057090239410681365,1.0
2012-12-27,31.5,31.5,27.2,29.0,5201.0,0.010452961672473782,1.0
2012-12-28,29.0,30.0,29.0,30.0,408.0,0.034482758620689724,1.0
2012-12-31,29.75,30.25,29.75,30.25,293.0,0.008333333333333304,1.0
2013-01-01,27.15,31.0,27.15,30.0,1200.0,-0.008264462809917328,1.0
2013-01-02,28.0,30.0,28.0,29.95,1700.0,-0.0016666666666667052,1.0
2013-01-03,29.9,29.9,29.6,29.6,200.0,-0.011686143572620988,1.0
2013-01-04,29.1,29.7,29.1,29.35,735.0,-0.008445945945945943,1.0
2013-01-07,29.35,29.35,28.0,28.9,4900.0,-0.015332197614991605,1.0
2013-01-08,28.9,29.05,28.9,29.05,535.0,0.00519031141868509,1.0
2013-01-09,29.0,29.35,29.0,29.35,3725.0,0.010327022375215211,1.0
2013-01-10,29.4,29.4,29.0,29.3,641.0,-0.0017035775127768327,1.0
2013-01-14,28.1,31.55,28.1,29.4,967.0,0.0034129692832762792,1.0
2013-01-15,29.85,29.85,28.05,29.0,622.0,-0.013605442176870652,1.0
2013-01-16,29.85,29.85,28.0,28.6,3625.0,-0.013793103448275779,1.0
2013-01-17,28.6,29.4,28.0,29.3,2059.0,0.02447552447552437,1.0
2013-01-18,28.8,29.0,28.1,28.5,5476.0,-0.027303754266211677,1.0
2013-01-21,28.2,28.7,28.1,28.25,6180.0,-0.00877192982456143,1.0
2013-01-22,28.6,28.6,28.4,28.4,2152.0,0.005309734513274211,1.0
2013-01-23,28.1,29.0,26.0,28.3,8943.0,-0.0035211267605632646,1.0
2013-01-24,27.75,27.75,27.15,27.3,4450.0,-0.035335689045936425,1.0
2013-01-25,26.65,27.7,26.55,26.95,1842.0,-0.012820512820512886,1.0
2013-01-28,27.85,28.0,26.75,27.45,2835.0,0.01855287569573294,1.0
2013-01-29,27.1,27.1,27.05,27.05,2100.0,-0.014571948998178486,1.0
2013-01-30,26.0,28.5,26.0,28.5,482.0,0.05360443622920519,1.0
2013-01-31,27.0,28.0,27.0,28.0,1431.0,-0.01754385964912286,1.0
2013-02-01,26.3,27.8,26.3,26.8,3062.0,-0.042857142857142816,1.0
2013-02-04,25.05,27.4,25.05,26.95,4272.0,0.005597014925373012,1.0
2013-02-05,24.5,27.25,24.5,26.95,1802.0,0.0,1.0
2013-02-06,25.15,27.45,25.15,26.8,2680.0,-0.005565862708719838,1.0
2013-02-07,27.9,27.9,26.6,26.65,1492.0,-0.005597014925373234,1.0
2013-02-08,26.15,26.8,26.15,26.5,858.0,-0.0056285178236397115,1.0
2013-02-11,24.0,27.8,24.0,26.75,2720.0,0.009433962264151052,1.0
2013-02-12,23.05,27.0,23.05,26.95,1364.0,0.007476635514018559,1.0
2013-02-13,24.05,27.0,24.05,26.05,1451.0,-0.033395176252319025,1.0
2013-02-14,26.05,26.95,25.9,26.05,6275.0,0.0,1.0
2013-02-18,22.45,27.0,22.45,26.95,8673.0,0.03454894433781175,1.0
2013-02-19,23.1,26.95,23.1,26.0,504.0,-0.03525046382189234,1.0
2013-02-20,23.05,26.95,23.05,25.85,803.0,-0.005769230769230749,1.0
2013-02-21,28.0,28.0,23.0,25.25,27142.0,-0.023210831721470093,1.0
2013-02-22,24.55,26.65,24.55,26.5,1144.0,0.04950495049504955,1.0
2013-02-25,25.05,26.25,25.05,26.0,1063.0,-0.018867924528301883,1.0
2013-02-26,25.05,25.75,25.05,25.55,680.0,-0.017307692307692246,1.0
2013-02-27,25.5,26.95,25.0,26.1,1443.0,0.021526418786692814,1.0
2013-02-28,27.7,27.7,24.15,25.0,3062.0,-0.04214559386973182,1.0
2013-03-04,23.0,25.95,20.25,24.5,4269.0,-0.020000000000000018,1.0
2013-03-05,21.35,24.5,21.35,24.45,21037.0,-0.0020408163265306367,1.0
2013-03-06,22.0,26.45,22.0,26.0,2640.0,0.0633946830265848,1.0
2013-03-07,23.1,23.95,21.5,23.5,2656.0,-0.09615384615384615,1.0
2013-03-08,27.6,27.6,21.0,22.0,16474.0,-0.06382978723404253,1.0
2013-03-11,20.5,22.95,20.5,21.5,29230.0,-0.022727272727272707,1.0
2013-03-12,22.75,22.8,19.1,20.1,4891.0,-0.06511627906976736,1.0
2013-03-13,19.1,21.0,19.1,21.0,1100.0,0.04477611940298498,1.0
2013-03-14,18.15,20.5,18.15,20.3,349.0,-0.033333333333333326,1.0
2013-03-15,20.35,21.0,19.1,19.5,1260.0,-0.039408866995073955,1.0
2013-03-18,18.35,19.5,18.35,19.25,815.0,-0.012820512820512775,1.0
2013-03-19,19.0,19.75,19.0,19.75,413.0,0.025974025974025983,1.0
2013-03-20,18.55,20.35,18.55,18.8,113517.0,-0.04810126582278473,1.0
2013-03-21,17.5,21.7,17.5,20.25,66763.0,0.0771276595744681,1.0
2013-03-22,20.0,20.0,20.0,20.0,400.0,-0.012345679012345734,1.0
2013-03-25,17.0,22.5,16.0,20.75,8618.0,0.03750000000000009,1.0
2013-03-26,21.0,23.8,18.7,22.5,4374.0,0.0843373493975903,1.0
2013-03-28,21.0,26.4,21.0,24.65,6495.0,0.0955555555555554,1.0
2013-04-01,22.3,25.4,22.25,24.15,591.0,-0.020283975659229236,1.0
2013-04-02,22.45,25.0,22.4,22.9,467.0,-0.051759834368530044,1.0
2013-04-03,21.6,24.95,21.6,22.4,308.0,-0.02183406113537123,1.0
2013-04-04,22.0,24.2,22.0,22.6,205.0,0.008928571428571619,1.0
2013-04-05,21.0,22.0,21.0,21.2,4786.0,-0.06194690265486735,1.0
2013-04-09,20.15,20.15,20.15,20.15,85.0,-0.04952830188679247,1.0
2013-04-10,19.55,19.55,19.55,19.55,295.0,-0.02977667493796521,1.0
2013-04-15,19.25,19.25,19.25,19.25,320.0,-0.01534526854219953,1.0
2013-04-16,18.5,18.5,18.5,18.5,460.0,-0.038961038961038974,1.0
2013-04-17,18.5,18.5,18.5,18.5,500.0,0.0,1.0
2013-04-18,18.05,18.05,18.05,18.05,690.0,-0.024324324324324298,1.0
2013-04-22,18.95,18.95,18.95,18.95,200.0,0.049861495844875314,1.0
2013-04-23,19.0,19.0,19.0,19.0,215.0,0.0026385224274407815,1.0
2013-04-25,19.95,19.95,19.95,19.95,50.0,0.050000000000000044,1.0
2013-04-26,20.25,20.25,20.25,20.25,120.0,0.015037593984962516,1.0
2013-04-29,20.0,20.0,20.0,20.0,1260.0,-0.012345679012345734,1.0
2013-05-02,20.0,20.5,20.0,20.5,360.0,0.02499999999999991,1.0
2013-05-03,20.5,20.5,20.5,20.5,335.0,0.0,1.0
2013-05-06,20.55,21.0,20.55,21.0,1280.0,0.024390243902439046,1.0
2013-05-07,21.0,21.05,21.0,21.05,855.0,0.0023809523809523725,1.0
2013-05-08,21.05,21.05,21.05,21.05,438.0,0.0,1.0
2013-05-09,21.0,21.0,21.0,21.0,2280.0,-0.002375296912114022,1.0
2013-05-10,21.15,21.65,21.15,21.65,760.0,0.030952380952380842,1.0
2013-05-14,21.1,21.1,21.05,21.05,515.0,-0.02771362586605075,1.0
2013-05-15,21.05,21.05,21.05,21.05,10.0,0.0,1.0
2013-05-16,21.05,22.1,21.05,22.1,70100.0,0.04988123515439424,1.0
2013-05-17,21.5,21.5,21.5,21.5,26058.0,-0.02714932126696834,1.0
2013-05-20,21.5,21.5,21.5,21.5,1230.0,0.0,1.0
2013-05-21,21.5,21.5,21.5,21.5,500.0,0.0,1.0
2013-05-22,21.5,21.5,21.5,21.5,1460.0,0.0,1.0
2013-05-23,21.1,21.1,21.1,21.1,100.0,-0.018604651162790642,1.0
2013-06-06,20.4,20.4,20.4,20.4,101.0,-0.03317535545023709,1.0
2013-06-19,18.4,18.4,18.4,18.4,100.0,-0.0980392156862745,1.0
2013-07-08,17.5,17.55,17.5,17.55,700.0,-0.04619565217391297,1.0
2013-07-12,17.5,17.5,17.5,17.5,790.0,-0.002849002849002913,1.0
2013-07-15,17.5,17.5,17.5,17.5,1110.0,0.0,1.0
2013-07-23,16.65,16.65,16.65,16.65,100.0,-0.0485714285714286,1.0
2013-08-01,15.85,15.85,15.85,15.85,1046.0,-0.048048048048047964,1.0
2013-08-06,15.45,15.45,15.45,15.45,372.0,-0.025236593059936974,1.0
2013-08-14,14.7,15.4,14.7,15.4,2069.0,-0.003236245954692518,1.0
2013-08-16,15.9,15.9,15.8,15.8,200.0,0.025974025974025983,1.0
2013-08-22,15.55,15.55,15.55,15.55,30.0,-0.015822784810126556,1.0
2013-08-23,15.2,15.2,15.2,15.2,200.0,-0.02250803858520911,1.0
2013-08-27,15.0,15.9,15.0,15.9,2000.0,0.046052631578947345,1.0
2013-09-12,15.9,15.9,15.9,15.9,1000.0,0.0,1.0
2013-09-13,15.2,15.2,15.2,15.2,1000.0,-0.044025157232704504,1.0
2013-09-17,15.5,15.5,15.5,15.5,4000.0,0.019736842105263275,1.0
2013-09-18,15.2,15.2,15.1,15.1,5299.0,-0.02580645161290329,1.0
2013-09-19,15.0,15.0,15.0,15.0,150.0,-0.0066225165562913135,1.0
2013-09-23,15.0,15.0,15.0,15.0,119.0,0.0,1.0
2013-09-30,15.0,15.0,15.0,15.0,250.0,0.0,1.0
2013-10-01,15.0,15.0,15.0,15.0,126.0,0.0,1.0
2013-10-09,15.55,15.55,15.55,15.55,1000.0,0.036666666666666625,1.0
2013-10-11,16.3,16.3,16.3,16.3,100.0,0.048231511254019255,1.0
2013-10-18,15.55,15.55,15.55,15.55,100.0,-0.04601226993865026,1.0
2013-10-23,15.5,15.6,15.5,15.6,3100.0,0.003215434083601254,1.0
2013-10-25,15.0,15.0,15.0,15.0,12.0,-0.038461538461538436,1.0
2013-10-31,15.0,15.75,15.0,15.75,1450.0,0.050000000000000044,1.0
2013-11-01,15.0,15.0,15.0,15.0,100.0,-0.04761904761904767,1.0
2013-11-05,15.75,15.75,15.75,15.75,235.0,0.050000000000000044,1.0
2013-11-06,15.25,15.25,15.25,15.25,100.0,-0.031746031746031744,1.0
2013-11-08,15.25,15.25,15.25,15.25,134.0,0.0,1.0
2013-11-12,15.4,15.4,15.4,15.4,1666.0,0.009836065573770592,1.0
2013-11-13,15.4,15.4,15.4,15.4,234.0,0.0,1.0
2013-11-27,14.8,14.8,14.65,14.65,700.0,-0.04870129870129869,1.0
2013-12-02,15.2,15.2,15.2,15.2,6565.0,0.03754266211604085,1.0
2013-12-03,14.45,14.8,14.45,14.45,1188.0,-0.049342105263157854,1.0
2013-12-04,13.75,13.75,13.75,13.75,2900.0,-0.04844290657439443,1.0
2013-12-09,13.1,13.1,13.1,13.1,150.0,-0.047272727272727244,1.0
2013-12-12,12.45,13.75,12.45,13.75,75.0,0.04961832061068705,1.0
2013-12-13,13.1,13.1,13.1,13.1,1000.0,-0.047272727272727244,1.0
2013-12-20,13.0,13.0,12.45,13.0,1031.0,-0.007633587786259555,1.0
2013-12-30,12.75,12.75,12.4,12.4,2010.0,-0.0461538461538461,1.0
2014-01-02,13.0,13.0,13.0,13.0,1000.0,0.048387096774193505,1.0
2014-01-03,12.5,12.5,12.5,12.5,500.0,-0.038461538461538436,1.0
2014-01-06,13.1,13.1,13.1,13.1,267.0,0.04800000000000004,1.0
2014-01-07,13.75,13.75,13.35,13.35,1000.0,0.01908396946564883,1.0
2014-01-08,13.35,13.65,13.35,13.65,1498.0,0.022471910112359605,1.0
2014-01-10,13.0,13.0,13.0,13.0,50.0,-0.04761904761904767,1.0
2014-01-13,13.0,13.45,13.0,13.45,1100.0,0.03461538461538449,1.0
2014-01-14,13.1,13.35,13.1,13.35,350.0,-0.0074349442379182396,1.0
2014-01-15,13.0,13.1,13.0,13.1,1200.0,-0.01872659176029967,1.0
2014-01-16,12.65,12.65,12.55,12.55,200.0,-0.041984732824427384,1.0
2014-01-17,13.0,13.15,12.65,12.75,1313.0,0.015936254980079667,1.0
2014-01-20,12.3,12.85,12.3,12.85,110.0,0.007843137254901933,1.0
2014-01-23,12.55,12.8,12.55,12.8,195.0,-0.0038910505836574627,1.0
2014-01-24,12.7,12.7,12.55,12.6,137.0,-0.01562500000000011,1.0
2014-01-27,12.3,12.3,12.3,12.3,100.0,-0.023809523809523725,1.0
2014-02-03,12.5,12.5,12.5,12.5,79.0,0.016260162601625883,1.0
2014-02-05,11.9,13.1,11.9,13.1,1113.0,0.04800000000000004,1.0
2014-02-06,12.45,12.45,12.45,12.45,60.0,-0.04961832061068705,1.0
2014-02-07,11.85,12.0,11.85,11.9,2457.0,-0.04417670682730912,1.0
2014-02-13,11.4,11.4,11.4,11.4,130.0,-0.04201680672268904,1.0
2014-02-14,11.1,11.1,11.1,11.1,50.0,-0.026315789473684292,1.0
2014-02-21,11.5,11.65,11.5,11.65,7500.0,0.04954954954954971,1.0
2014-02-24,11.3,12.2,11.3,12.2,600.0,0.04721030042918439,1.0
2014-02-25,12.2,12.2,12.2,12.2,500.0,0.0,1.0
2014-02-28,11.7,12.1,11.7,12.1,60.0,-0.008196721311475419,1.0
2014-03-03,12.55,12.55,12.55,12.55,100.0,0.037190082644628086,1.0
2014-03-04,12.55,12.55,11.95,11.95,250.0,-0.04780876494023911,1.0
2014-03-06,12.05,12.15,12.05,12.15,373.0,0.01673640167364021,1.0
2014-03-07,11.55,12.15,11.55,12.1,838.0,-0.004115226337448652,1.0
2014-03-10,12.0,12.0,11.7,12.0,5350.0,-0.008264462809917328,1.0
2014-03-11,11.4,11.4,11.4,11.4,360.0,-0.04999999999999993,1.0
2014-03-12,11.5,11.5,11.5,11.5,102550.0,0.00877192982456143,1.0
2014-03-13,11.05,12.05,11.05,11.5,1575.0,0.0,1.0
2014-03-14,12.0,12.0,11.3,11.3,1460.0,-0.017391304347825987,1.0
2014-03-18,11.75,11.75,11.75,11.75,450.0,0.03982300884955747,1.0
2014-03-19,12.0,12.0,12.0,12.0,500.0,0.02127659574468077,1.0
2014-03-21,11.75,11.75,11.75,11.75,250.0,-0.02083333333333337,1.0
2014-03-22,11.2,11.2,11.2,11.2,187.0,-0.04680851063829794,1.0
2014-03-24,11.75,11.75,11.75,11.75,599.0,0.049107142857143016,1.0
2014-03-26,12.3,12.3,12.0,12.0,2572.0,0.02127659574468077,1.0
2014-03-27,12.0,12.6,12.0,12.6,1099.0,0.050000000000000044,1.0
2014-03-28,13.0,13.2,13.0,13.2,1014.0,0.04761904761904767,1.0
2014-03-31,13.8,13.8,12.55,13.45,1171.0,0.018939393939394034,1.0
2014-04-01,12.85,13.4,12.8,13.4,4506.0,-0.0037174721189590088,1.0
2014-04-02,13.4,13.4,13.0,13.0,20.0,-0.02985074626865669,1.0
2014-04-03,13.2,13.2,13.2,13.2,100.0,0.01538461538461533,1.0
2014-04-07,13.0,13.2,13.0,13.2,1100.0,0.0,1.0
2014-04-09,12.6,13.0,12.55,13.0,500.0,-0.015151515151515138,1.0
2014-04-10,13.0,13.0,13.0,13.0,788.0,0.0,1.0
2014-04-11,13.25,13.25,13.25,13.25,500.0,0.019230769230769162,1.0
2014-04-15,12.8,13.9,12.8,13.1,512.0,-0.01132075471698113,1.0
2014-04-16,13.5,13.5,13.0,13.25,1600.0,0.011450381679389388,1.0
2014-04-17,13.5,13.5,13.5,13.5,200.0,0.018867924528301883,1.0
2014-04-21,13.95,14.0,13.25,13.25,3060.0,-0.01851851851851849,1.0
2014-04-22,12.9,12.9,12.85,12.85,1110.0,-0.030188679245283012,1.0
2014-04-25,12.75,13.45,12.75,13.45,306.0,0.04669260700389111,1.0
2014-04-28,13.1,13.3,13.1,13.15,300.0,-0.022304832713754608,1.0
2014-05-02,12.8,12.8,12.8,12.8,750.0,-0.026615969581749055,1.0
2014-05-05,13.4,13.4,13.4,13.4,1715.0,0.046875,1.0
2014-05-06,13.6,13.6,13.6,13.6,275.0,0.014925373134328401,1.0
2014-05-08,14.0,14.65,12.4,14.65,3002.0,0.07720588235294112,1.0
2014-05-09,13.5,15.7,13.5,14.0,152.0,-0.04436860068259385,1.0
2014-05-12,15.1,15.1,13.6,13.6,700.0,-0.02857142857142858,1.0
2014-05-13,12.25,13.5,12.25,13.4,3100.0,-0.014705882352941124,1.0
2014-05-14,13.05,13.05,13.05,13.05,50.0,-0.026119402985074647,1.0
2014-05-15,13.25,13.45,13.25,13.45,300.0,0.030651340996168397,1.0
2014-05-16,12.2,14.65,12.2,14.35,7549.0,0.06691449814126393,1.0
2014-05-19,15.65,15.75,13.55,15.5,4160.0,0.08013937282229966,1.0
2014-05-20,16.0,17.0,16.0,17.0,3100.0,0.09677419354838701,1.0
2014-05-21,17.85,17.85,17.85,17.85,580.0,0.050000000000000044,1.0
2014-05-22,17.9,18.1,17.05,17.9,371.0,0.0028011204481790397,1.0
2014-05-23,18.75,18.75,18.75,18.75,500.0,0.04748603351955305,1.0
2014-05-26,19.65,19.65,19.65,19.65,850.0,0.04799999999999982,1.0
2014-05-27,18.75,20.5,18.7,20.5,2349.0,0.04325699745547085,1.0
2014-05-28,21.3,21.35,21.3,21.35,520.0,0.04146341463414638,1.0
2014-05-29,20.3,20.8,20.3,20.4,420.0,-0.0444964871194381,1.0
2014-05-30,20.0,20.0,20.0,20.0,444.0,-0.019607843137254832,1.0
2014-06-02,19.1,20.3,19.1,20.25,450.0,0.012499999999999956,1.0
2014-06-05,21.25,21.25,21.25,21.25,10.0,0.04938271604938271,1.0
2014-08-06,23.0,23.8,23.0,23.3,3200.0,0.09647058823529409,1.0
2014-08-07,24.4,24.45,22.5,22.6,5199.0,-0.030042918454935563,1.0
2014-08-11,22.5,22.5,21.55,21.55,670.0,-0.04646017699115046,1.0
2014-08-12,22.0,22.6,22.0,22.6,320.0,0.04872389791183296,1.0
2014-08-13,23.7,23.7,22.7,22.7,650.0,0.004424778761061843,1.0
2014-08-14,23.7,23.8,23.7,23.8,3050.0,0.04845814977973584,1.0
2014-08-18,23.05,24.95,23.05,24.95,1101.0,0.048319327731092265,1.0
2014-08-19,25.95,25.95,23.85,23.85,72.0,-0.044088176352705344,1.0
2014-08-20,23.75,25.0,23.7,24.95,1690.0,0.04612159329140453,1.0
2014-08-21,26.0,26.15,26.0,26.15,622.0,0.04809619238476959,1.0
2014-08-22,27.45,27.45,27.0,27.45,1774.0,0.0497131931166348,1.0
2014-08-25,28.8,28.8,28.0,28.35,3300.0,0.032786885245901676,1.0
2014-08-26,29.75,29.75,29.0,29.75,4235.0,0.04938271604938271,1.0
2014-08-27,30.1,31.2,30.1,31.1,4116.0,0.04537815126050426,1.0
2014-08-28,32.6,32.6,30.5,31.2,1810.0,0.003215434083601254,1.0
2014-09-01,32.0,32.4,32.0,32.0,1337.0,0.025641025641025772,1.0
2014-09-02,32.05,33.6,32.0,32.2,10250.0,0.006250000000000089,1.0
2014-09-03,32.1,33.2,32.05,32.1,1380.0,-0.0031055900621118626,1.0
2014-09-04,32.0,32.0,30.7,30.7,1550.0,-0.04361370716510915,1.0
2014-09-05,29.7,29.7,29.2,29.2,4300.0,-0.04885993485342022,1.0
2014-09-08,29.1,30.65,29.0,30.65,4928.0,0.04965753424657526,1.0
2014-10-10,31.4,31.5,31.0,31.25,5559.0,0.019575856443719397,1.0
2014-10-13,30.9,32.1,30.9,31.65,15056.0,0.012799999999999923,1.0
2014-10-14,32.0,33.2,32.0,33.0,2970.0,0.042654028436019065,1.0
2014-10-16,33.3,33.5,32.5,32.5,11658.0,-0.015151515151515138,1.0
2014-10-17,31.5,34.1,31.5,33.4,10526.0,0.027692307692307683,1.0
2014-10-20,33.5,33.7,32.3,33.0,6322.0,-0.0119760479041916,1.0
2014-10-21,31.35,34.65,31.35,34.0,7517.0,0.030303030303030276,1.0
2014-10-22,33.1,35.65,33.1,34.65,6808.0,0.01911764705882346,1.0
2014-10-23,34.5,36.0,34.4,35.45,5350.0,0.02308802308802327,1.0
2014-10-27,35.5,35.85,34.0,34.0,5151.0,-0.04090267983074758,1.0
2014-10-28,34.1,34.95,34.0,34.45,8601.0,0.013235294117647234,1.0
2014-10-29,34.3,35.6,34.25,35.4,8311.0,0.02757619738751793,1.0
2014-10-30,35.5,36.0,33.75,35.0,2343.0,-0.011299435028248594,1.0
2014-10-31,36.25,36.4,34.0,34.0,549.0,-0.02857142857142858,1.0
2014-11-03,32.35,35.65,32.3,34.4,7641.0,0.0117647058823529,1.0
2014-11-05,35.0,35.0,34.0,34.3,11250.0,-0.0029069767441860517,1.0
2014-11-07,34.5,34.5,33.0,33.0,10313.0,-0.03790087463556846,1.0
2014-11-10,33.5,33.5,33.0,33.0,11500.0,0.0,1.0
2014-11-11,30.0,31.55,29.7,30.7,13695.0,-0.0696969696969697,1.0
2014-11-12,30.0,30.95,27.8,30.0,5609.0,-0.0228013029315961,1.0
2014-11-13,30.1,30.1,30.0,30.0,5906.0,0.0,1.0
2014-11-14,29.0,32.5,29.0,30.0,1601.0,0.0,1.0
2014-11-17,28.2,32.8,28.1,32.8,650.0,0.09333333333333327,1.0
2014-11-18,30.0,30.0,30.0,30.0,5000.0,-0.08536585365853655,1.0
2014-11-19,31.45,31.5,30.0,30.0,600.0,0.0,1.0
2014-11-20,31.0,31.0,28.05,30.05,6156.0,0.0016666666666667052,1.0
2014-11-21,27.85,30.0,27.85,29.9,6155.0,-0.00499168053244603,1.0
2014-11-24,30.15,32.0,30.0,31.35,5568.0,0.04849498327759205,1.0
2014-11-25,29.15,32.75,29.15,31.65,1715.0,0.00956937799043045,1.0
2014-11-26,32.8,32.8,30.0,30.0,1114.0,-0.05213270142180093,1.0
2014-11-27,31.85,31.85,31.0,31.0,5840.0,0.03333333333333344,1.0
2014-11-28,32.9,34.1,32.9,34.1,20289.0,0.10000000000000009,1.0
2014-12-01,36.25,37.5,36.25,36.75,16337.0,0.07771260997067442,1.0
2014-12-02,39.8,39.8,33.1,34.95,39903.0,-0.048979591836734615,1.0
2014-12-03,36.0,37.9,34.5,35.75,8600.0,0.022889842632331847,1.0
2014-12-04,35.0,35.35,33.8,33.9,12981.0,-0.05174825174825182,1.0
2014-12-05,36.8,36.8,33.55,33.6,4510.0,-0.008849557522123797,1.0
2014-12-08,32.0,34.1,32.0,32.15,12730.0,-0.043154761904761973,1.0
2014-12-09,32.0,32.95,29.4,30.2,12436.0,-0.06065318818040433,1.0
2014-12-10,31.5,33.95,30.0,31.35,26930.0,0.038079470198675525,1.0
2014-12-11,30.55,30.65,30.5,30.6,20150.0,-0.02392344497607657,1.0
2014-12-12,30.6,31.2,30.0,30.2,17700.0,-0.013071895424836666,1.0
2014-12-15,30.9,30.9,30.9,30.9,1000.0,0.023178807947019875,1.0
2014-12-16,31.2,31.95,28.55,29.0,731.0,-0.06148867313915851,1.0
2014-12-17,28.0,31.6,27.0,28.35,1613.0,-0.022413793103448265,1.0
2014-12-18,29.9,29.9,29.7,29.9,3763.0,0.05467372134038784,1.0
2014-12-19,28.65,29.9,28.65,29.0,25630.0,-0.030100334448160515,1.0
2014-12-22,28.0,29.25,28.0,29.25,372.0,0.008620689655172376,1.0
2014-12-23,31.8,31.8,26.0,27.95,304.0,-0.04444444444444451,1.0
2014-12-24,27.6,30.6,27.6,29.0,2335.0,0.03756708407871212,1.0
2014-12-26,29.0,32.15,29.0,29.4,16028.0,0.01379310344827589,1.0
2014-12-29,29.0,30.95,27.4,29.95,5573.0,0.018707482993197244,1.0
2014-12-30,30.4,30.4,29.85,30.05,1284.0,0.0033388981636059967,1.0
2014-12-31,30.0,30.0,28.65,29.05,2375.0,-0.03327787021630613,1.0
2015-01-01,29.2,29.2,28.3,28.5,402.0,-0.018932874354561147,1.0
2015-01-02,29.0,30.0,29.0,30.0,24.0,0.05263157894736836,1.0
2015-01-05,30.3,31.0,29.5,30.05,4176.0,0.0016666666666667052,1.0
2015-01-06,29.8,29.8,28.35,28.65,1353.0,-0.04658901830282869,1.0
2015-01-07,28.0,29.0,27.1,29.0,1152.0,0.01221640488656206,1.0
2015-01-08,31.8,33.55,30.0,30.6,8563.0,0.05517241379310356,1.0
2015-01-09,30.3,30.5,29.5,29.9,1369.0,-0.022875816993464193,1.0
2015-01-12,30.0,31.0,30.0,30.3,19556.0,0.013377926421404673,1.0
2015-01-13,30.5,31.4,30.0,30.35,12450.0,0.0016501650165017256,1.0
2015-01-14,29.95,29.95,28.0,29.5,1504.0,-0.028006589785832037,1.0
2015-01-16,31.2,31.25,29.25,29.5,2368.0,0.0,1.0
2015-01-19,30.25,30.25,29.5,29.6,565.0,0.003389830508474523,1.0
2015-01-20,30.5,31.45,29.35,30.35,11436.0,0.02533783783783794,1.0
2015-01-21,30.05,31.95,30.05,30.1,10100.0,-0.008237232289950547,1.0
2015-01-22,30.0,30.0,29.25,29.4,2926.0,-0.023255813953488413,1.0
2015-01-23,29.1,30.7,29.1,30.7,603.0,0.04421768707482987,1.0
2015-01-27,30.1,30.5,28.7,29.65,1289.0,-0.03420195439739415,1.0
2015-01-28,31.65,31.65,29.2,29.25,861.0,-0.013490725126475533,1.0
2015-01-29,29.0,29.0,28.5,29.0,323.0,-0.008547008547008517,1.0
2015-01-30,29.0,29.0,28.6,29.0,721.0,0.0,1.0
2015-02-02,29.0,29.0,29.0,29.0,500.0,0.0,1.0
2015-02-03,30.5,31.85,28.0,28.25,3191.0,-0.025862068965517238,1.0
2015-02-04,28.6,28.6,28.6,28.6,51.0,0.012389380530973604,1.0
2015-02-05,28.55,29.8,28.5,28.5,1001.0,-0.0034965034965035446,1.0
2015-02-06,28.0,28.3,27.5,27.65,687.0,-0.029824561403508865,1.0
2015-02-09,27.0,29.0,24.65,27.25,232.0,-0.01446654611211573,1.0
2015-02-10,27.85,29.95,27.5,28.15,322.0,0.03302752293577971,1.0
2015-02-11,27.6,28.95,26.6,28.95,705.0,0.02841918294849033,1.0
2015-02-12,29.45,29.45,28.0,28.0,251.0,-0.032815198618307395,1.0
2015-02-13,29.6,30.0,28.7,29.85,1145.0,0.06607142857142856,1.0
2015-02-16,29.0,29.0,27.35,27.9,3418.0,-0.0653266331658292,1.0
2015-02-18,27.5,27.95,25.5,26.25,5281.0,-0.05913978494623651,1.0
2015-02-19,26.5,26.5,24.7,26.2,109.0,-0.0019047619047619646,1.0
2015-02-20,29.7,29.7,26.05,27.15,1257.0,0.03625954198473269,1.0
2015-02-23,26.2,29.45,25.5,26.1,3435.0,-0.03867403314917117,1.0
2015-02-24,27.2,27.2,24.55,24.95,1865.0,-0.044061302681992376,1.0
2015-02-25,26.0,26.0,25.0,25.05,1958.0,0.004008016032064132,1.0
2015-02-26,25.05,25.05,23.5,23.7,504.0,-0.05389221556886237,1.0
2015-02-27,23.2,27.55,23.2,26.45,3973.0,0.11603375527426163,1.0
2015-02-28,26.0,28.55,24.5,26.8,390.0,0.013232514177693888,1.0
2015-03-02,26.0,26.8,25.9,26.8,1107.0,0.0,1.0
2015-03-03,28.2,28.2,27.7,27.7,3.0,0.033582089552238736,1.0
2015-03-04,27.0,27.0,25.3,25.8,858.0,-0.06859205776173283,1.0
2015-03-05,25.4,25.4,23.5,25.1,1399.0,-0.02713178294573637,1.0
2015-03-09,25.1,25.1,24.0,24.5,1176.0,-0.02390438247011961,1.0
2015-03-10,24.2,26.45,23.25,26.25,2228.0,0.0714285714285714,1.0
2015-03-11,25.5,27.5,24.25,26.0,4377.0,-0.00952380952380949,1.0
2015-03-12,26.0,27.0,26.0,27.0,2564.0,0.03846153846153855,1.0
2015-03-13,26.0,27.0,25.2,25.55,1034.0,-0.0537037037037037,1.0
2015-03-16,25.5,26.8,25.0,26.8,5324.0,0.048923679060665304,1.0
2015-03-17,25.6,25.6,24.1,25.0,779.0,-0.06716417910447758,1.0
2015-03-18,25.0,26.5,25.0,25.7,1580.0,0.028000000000000025,1.0
2015-03-19,27.8,30.3,25.0,25.2,2873.0,-0.01945525291828798,1.0
2015-03-20,24.1,27.45,24.1,24.4,5542.0,-0.031746031746031744,1.0
2015-03-23,24.0,26.4,23.0,24.2,20903.0,-0.008196721311475419,1.0
2015-03-24,24.25,25.85,23.4,24.0,1305.0,-0.008264462809917328,1.0
2015-03-25,23.5,25.0,22.5,25.0,236.0,0.04166666666666674,1.0
2015-03-27,24.0,25.0,22.5,25.0,984.0,0.0,1.0
2015-03-30,24.3,25.0,24.3,25.0,20.0,0.0,1.0
2015-03-31,26.95,30.0,26.95,29.4,7760.0,0.17599999999999993,1.0
2015-04-01,29.15,29.15,29.1,29.1,4.0,-0.010204081632652962,1.0
2015-04-06,30.4,30.4,26.55,28.5,978.0,-0.020618556701030966,1.0
2015-04-07,28.0,29.9,27.0,28.0,231.0,-0.01754385964912286,1.0
2015-04-08,27.5,28.95,26.25,27.1,2816.0,-0.03214285714285714,1.0
2015-04-09,27.0,28.75,26.1,27.95,528.0,0.03136531365313644,1.0
2015-04-10,27.2,30.05,27.15,29.5,362.0,0.05545617173524153,1.0
2015-04-13,28.5,28.55,28.0,28.55,6105.0,-0.03220338983050841,1.0
2015-04-15,29.5,31.5,29.0,30.0,4962.0,0.05078809106830118,1.0
2015-04-16,29.3,29.3,28.5,28.5,123.0,-0.050000000000000044,1.0
2015-04-17,28.1,34.2,28.1,34.15,22875.0,0.19824561403508767,1.0
2015-04-20,37.45,40.95,35.5,38.4,124857.0,0.1244509516837482,1.0
2015-04-21,38.4,38.4,34.6,34.7,19198.0,-0.09635416666666652,1.0
2015-04-22,34.7,34.8,31.8,33.0,6750.0,-0.04899135446685887,1.0
2015-04-23,32.25,35.45,30.4,32.05,10498.0,-0.028787878787878918,1.0
2015-04-24,33.5,33.5,32.35,33.1,2370.0,0.03276131045241826,1.0
2015-04-27,30.7,33.3,29.8,30.05,6451.0,-0.09214501510574025,1.0
2015-04-28,30.0,31.35,29.2,30.15,1411.0,0.0033277870216306127,1.0
2015-04-29,30.0,31.65,28.75,30.6,36763.0,0.014925373134328401,1.0
2015-05-04,31.7,32.0,30.35,31.3,17698.0,0.02287581699346397,1.0
2015-05-05,31.7,31.7,29.75,29.75,4140.0,-0.04952076677316297,1.0
2015-05-06,28.3,30.6,28.3,28.35,3325.0,-0.04705882352941171,1.0
2015-05-07,28.35,29.4,26.95,26.95,6515.0,-0.049382716049382824,1.0
2015-05-08,27.0,28.1,25.65,26.5,3663.0,-0.016697588126159513,1.0
2015-05-11,26.55,27.4,25.35,26.0,649.0,-0.018867924528301883,1.0
2015-05-12,25.0,25.05,24.8,24.95,981.0,-0.04038461538461546,1.0
2015-05-13,25.8,25.8,24.15,24.7,5990.0,-0.01002004008016033,1.0
2015-05-14,25.0,25.5,23.75,25.0,689.0,0.012145748987854255,1.0
2015-05-15,25.8,26.25,25.5,26.0,4030.0,0.040000000000000036,1.0
2015-05-18,24.7,27.3,24.7,27.15,2852.0,0.044230769230769074,1.0
2015-05-19,26.9,28.0,25.85,27.7,1250.0,0.0202578268876612,1.0
2015-05-20,28.45,29.05,27.0,29.0,12814.0,0.04693140794223827,1.0
2015-05-21,30.4,30.4,28.05,28.8,3019.0,-0.006896551724137945,1.0
2015-05-22,29.0,29.25,28.5,29.05,2612.0,0.00868055555555558,1.0
2015-05-25,30.5,30.5,29.0,29.1,3060.0,0.001721170395869276,1.0
2015-05-26,30.2,30.25,28.5,29.15,5645.0,0.0017182130584192379,1.0
2015-05-27,27.9,29.75,27.9,28.35,1940.0,-0.027444253859348122,1.0
2015-05-28,27.45,28.2,26.95,27.0,3517.0,-0.04761904761904767,1.0
2015-05-29,27.0,27.2,25.7,26.6,1166.0,-0.014814814814814725,1.0
2015-06-01,27.4,27.4,27.4,27.4,350.0,0.03007518796992481,1.0
2015-06-02,27.75,28.5,26.1,27.9,2624.0,0.018248175182481674,1.0
2015-06-03,26.8,26.8,26.55,26.55,2200.0,-0.048387096774193505,1.0
2015-06-04,26.5,26.5,25.5,25.75,3400.0,-0.030131826741996215,1.0
2015-06-08,25.0,28.3,24.4,28.3,33941.0,0.09902912621359228,1.0
2015-06-09,30.0,31.1,26.05,31.1,22006.0,0.09893992932862195,1.0
2015-06-10,31.8,31.8,29.25,30.0,17216.0,-0.03536977491961424,1.0
2015-06-11,32.0,32.0,29.6,29.95,17777.0,-0.0016666666666667052,1.0
2015-06-12,29.5,32.9,28.5,32.9,31556.0,0.09849749582637735,1.0
2015-06-15,32.8,32.95,31.3,32.55,8365.0,-0.010638297872340496,1.0
2015-06-16,33.0,33.9,31.0,33.0,7742.0,0.01382488479262678,1.0
2015-06-17,33.0,33.1,31.35,32.85,6177.0,-0.004545454545454519,1.0
2015-06-18,32.85,34.45,31.25,34.45,24475.0,0.0487062404870624,1.0
2015-06-19,34.05,35.0,33.7,33.85,22393.0,-0.01741654571843254,1.0
2015-06-22,34.05,35.0,33.4,33.65,32207.0,-0.005908419497784423,1.0
2015-06-23,33.5,35.3,32.55,35.25,42656.0,0.04754829123328386,1.0
2015-06-24,35.0,36.0,33.65,34.05,18546.0,-0.03404255319148941,1.0
2015-06-25,34.5,34.7,33.0,34.35,18354.0,0.008810572687224738,1.0
2015-06-26,35.0,35.45,33.05,33.4,5782.0,-0.02765647743813693,1.0
2015-06-29,33.1,35.05,32.0,33.7,9861.0,0.008982035928143839,1.0
2015-06-30,34.0,35.35,33.55,34.95,47079.0,0.0370919881305638,1.0
2015-07-01,35.85,36.5,35.0,35.35,33305.0,0.011444921316165813,1.0
2015-07-02,37.0,37.0,35.45,35.45,9201.0,0.0028288543140029265,1.0
2015-07-03,35.55,36.6,35.35,35.4,7181.0,-0.0014104372355431272,1.0
2015-07-06,33.15,38.9,33.1,38.0,30011.0,0.07344632768361592,1.0
2015-07-07,40.0,40.0,35.4,35.55,18338.0,-0.06447368421052635,1.0
2015-07-08,34.25,36.7,34.25,35.75,13910.0,0.005625879043600568,1.0
2015-07-09,34.8,37.25,34.8,34.9,15150.0,-0.023776223776223793,1.0
2015-07-10,35.5,35.5,33.25,33.35,13354.0,-0.044412607449856645,1.0
2015-07-13,32.25,35.7,32.05,32.75,15017.0,-0.01799100449775115,1.0
2015-07-14,33.75,36.0,33.05,36.0,45895.0,0.0992366412213741,1.0
2015-07-15,39.5,39.5,36.2,36.5,10620.0,0.01388888888888884,1.0
2015-07-16,36.0,36.95,35.7,36.9,7306.0,0.010958904109588996,1.0
2015-07-17,37.0,37.0,35.35,35.8,3605.0,-0.02981029810298108,1.0
2015-07-20,35.0,36.0,33.9,35.05,1130.0,-0.020949720670391025,1.0
2015-07-21,33.65,35.9,33.65,34.7,1690.0,-0.00998573466476449,1.0
2015-07-22,34.1,35.6,34.0,34.65,4853.0,-0.0014409221902018654,1.0
2015-07-23,34.55,36.7,34.55,34.6,325.0,-0.0014430014430013571,1.0
2015-07-24,37.7,37.7,33.7,33.75,26121.0,-0.024566473988439363,1.0
2015-07-27,33.3,34.9,31.85,33.5,11270.0,-0.007407407407407418,1.0
2015-07-28,32.4,33.95,32.4,33.95,1543.0,0.013432835820895717,1.0
2015-07-29,33.9,36.45,33.1,35.1,6734.0,0.03387334315169355,1.0
2015-07-30,36.6,37.5,35.1,35.5,2154.0,0.01139601139601143,1.0
2015-07-31,36.0,39.0,36.0,38.45,50505.0,0.08309859154929589,1.0
2015-08-03,39.75,42.25,39.5,42.25,112463.0,0.09882964889466828,1.0
2015-08-04,42.7,44.35,41.0,41.25,213767.0,-0.023668639053254448,1.0
2015-08-05,42.8,42.8,39.2,39.2,114889.0,-0.04969696969696957,1.0
2015-08-06,39.8,40.0,37.25,37.35,105773.0,-0.04719387755102045,1.0
2015-08-07,37.25,37.25,35.5,35.8,91601.0,-0.041499330655957234,1.0
2015-08-10,36.0,36.0,34.7,35.75,59781.0,-0.0013966480446926388,1.0
2015-08-11,35.85,35.85,34.7,35.2,61812.0,-0.01538461538461533,1.0
2015-08-12,34.25,36.0,34.1,35.7,57270.0,0.014204545454545414,1.0
2015-08-13,35.5,37.4,35.5,37.15,67923.0,0.040616246498599295,1.0
2015-08-14,37.6,39.0,37.0,39.0,106248.0,0.049798115746971794,1.0
2015-08-17,38.9,40.95,37.65,40.5,100957.0,0.03846153846153855,1.0
2015-08-18,41.0,41.75,40.25,40.75,75057.0,0.006172839506172867,1.0
2015-08-19,41.5,42.75,39.25,42.75,362840.0,0.04907975460122693,1.0
2015-08-20,42.9,44.25,42.05,43.05,116228.0,0.007017543859649145,1.0
2015-08-21,42.5,43.45,41.0,41.3,98919.0,-0.04065040650406504,1.0
2015-08-24,39.45,40.25,39.25,39.25,1347.0,-0.04963680387409197,1.0
2015-08-25,39.75,40.0,37.3,38.65,64712.0,-0.015286624203821653,1.0
2015-08-26,40.35,40.4,39.0,39.25,49386.0,0.015523932729624823,1.0
2015-08-27,41.2,41.2,39.8,40.5,70520.0,0.031847133757961776,1.0
2015-08-28,39.15,41.75,39.05,39.5,27074.0,-0.024691358024691357,1.0
2015-08-31,41.3,41.3,38.0,40.25,32280.0,0.018987341772152,1.0
2015-09-01,40.0,40.9,38.25,38.45,2545.0,-0.04472049689440982,1.0
2015-09-02,38.0,38.5,37.1,37.65,1651.0,-0.02080624187256186,1.0
2015-09-03,36.05,38.45,36.05,37.3,1243.0,-0.009296148738379806,1.0
2015-09-04,35.8,40.3,34.5,38.85,22719.0,0.04155495978552293,1.0
2015-09-07,39.0,39.95,36.65,38.7,40399.0,-0.0038610038610038533,1.0
2015-09-08,39.0,39.0,36.6,38.15,7281.0,-0.01421188630490966,1.0
2015-09-09,38.65,39.9,38.3,38.9,5027.0,0.019659239842725995,1.0
2015-09-10,39.7,39.7,38.15,38.2,11164.0,-0.017994858611825038,1.0
2015-09-11,39.45,39.45,37.6,38.05,15056.0,-0.003926701570680757,1.0
2015-09-14,37.75,40.0,37.75,38.5,56733.0,0.01182654402102501,1.0
2015-09-15,38.95,41.85,38.2,41.65,135240.0,0.08181818181818179,1.0
2015-09-16,43.1,45.8,42.4,45.1,337912.0,0.08283313325330144,1.0
2015-09-18,45.5,48.25,45.2,47.5,300845.0,0.053215077605321515,1.0
2015-09-21,51.0,52.25,46.45,46.7,649159.0,-0.01684210526315788,1.0
2015-09-22,48.0,51.35,45.15,50.3,557522.0,0.0770877944325481,1.0
2015-09-23,52.0,52.0,50.55,50.95,127415.0,0.012922465208747624,1.0
2015-09-24,52.0,53.0,51.0,51.1,117589.0,0.0029440628066732533,1.0
2015-09-28,52.45,52.75,51.25,51.4,118283.0,0.005870841487279899,1.0
2015-09-29,52.0,53.15,48.85,48.85,508440.0,-0.049610894941634176,1.0
2015-09-30,48.7,50.4,47.8,50.15,182210.0,0.026612077789150312,1.0
2015-10-01,50.25,51.95,47.65,48.3,562906.0,-0.03688933200398803,1.0
2015-10-05,49.9,50.7,48.25,50.7,325912.0,0.049689440993788914,1.0
2015-10-06,51.05,53.2,50.85,53.15,607551.0,0.04832347140039439,1.0
2015-10-07,53.5,54.9,53.3,54.25,270343.0,0.02069614299153333,1.0
2015-10-08,54.6,56.5,51.55,51.55,873558.0,-0.04976958525345632,1.0
2015-10-09,51.7,51.9,49.0,49.1,678414.0,-0.047526673132880615,1.0
2015-10-12,49.95,51.3,49.9,51.05,224025.0,0.03971486761710796,1.0
2015-10-13,52.75,53.25,50.9,53.05,179332.0,0.039177277179236025,1.0
2015-10-14,53.4,55.25,52.9,55.0,200490.0,0.03675777568331773,1.0
2015-10-15,55.4,56.75,52.25,52.95,623240.0,-0.037272727272727235,1.0
2015-10-16,52.0,55.4,51.2,55.1,522126.0,0.04060434372049104,1.0
2015-10-19,55.0,57.2,54.95,56.9,404870.0,0.03266787658802173,1.0
2015-10-20,57.5,58.5,56.9,57.45,547814.0,0.009666080843585334,1.0
2015-10-21,58.25,58.75,54.6,54.6,550771.0,-0.04960835509138384,1.0
2015-10-23,51.9,54.0,51.9,51.9,559404.0,-0.0494505494505495,1.0
2015-10-26,51.7,53.0,49.35,49.35,269706.0,-0.049132947976878505,1.0
2015-10-27,47.05,48.6,46.9,46.9,296005.0,-0.04964539007092206,1.0
2015-10-28,44.7,46.5,44.6,45.4,191536.0,-0.031982942430703654,1.0
2015-10-29,45.5,45.55,45.2,45.25,89160.0,-0.0033039647577092213,1.0
2015-10-30,46.0,46.0,45.2,45.25,92225.0,0.0,1.0
2015-11-02,45.45,45.5,43.0,43.0,95385.0,-0.04972375690607733,1.0
2015-11-03,43.25,43.5,40.85,40.85,119630.0,-0.04999999999999993,1.0
2015-11-04,38.85,42.7,38.85,39.15,107685.0,-0.041615667074663465,1.0
2015-11-05,38.5,38.5,37.2,37.45,81735.0,-0.04342273307790534,1.0
2015-11-06,37.0,39.3,35.65,37.9,69083.0,0.012016021361815676,1.0
2015-11-09,36.8,37.3,36.2,36.6,6709.0,-0.03430079155672816,1.0
2015-11-10,35.2,38.4,35.1,37.85,17081.0,0.03415300546448097,1.0
2015-11-11,37.85,39.5,37.85,38.3,1575.0,0.011889035667106862,1.0
2015-11-13,37.5,38.8,36.85,38.15,1984.0,-0.003916449086161844,1.0
2015-11-16,36.55,39.15,36.55,39.0,4780.0,0.022280471821756187,1.0
2015-11-17,39.0,39.5,38.05,38.45,3352.0,-0.014102564102564052,1.0
2015-11-18,39.4,40.35,38.8,39.2,9836.0,0.01950585175552666,1.0
2015-11-19,39.95,40.0,37.85,38.7,2995.0,-0.012755102040816313,1.0
2015-11-20,39.0,40.6,38.55,40.6,9274.0,0.04909560723514206,1.0
2015-11-23,42.6,42.6,42.0,42.6,5360.0,0.049261083743842304,1.0
2015-11-24,44.7,44.7,43.35,44.7,9891.0,0.04929577464788726,1.0
2015-11-26,46.9,46.9,43.25,44.4,8895.0,-0.006711409395973256,1.0
2015-11-27,45.0,45.45,42.25,42.9,5264.0,-0.03378378378378377,1.0
2015-11-30,43.0,43.0,41.55,42.6,3065.0,-0.006993006993006978,1.0
2015-12-01,43.3,44.0,42.05,43.95,3408.0,0.03169014084507049,1.0
2015-12-02,45.85,45.85,44.0,44.15,1440.0,0.004550625711035261,1.0
2015-12-03,42.25,45.0,42.25,43.35,27906.0,-0.01812004530011324,1.0
2015-12-04,42.2,46.6,42.0,42.15,33040.0,-0.02768166089965407,1.0
2015-12-07,41.05,42.0,40.1,40.65,41038.0,-0.03558718861209964,1.0
2015-12-08,38.5,42.0,38.0,39.45,30753.0,-0.029520295202951963,1.0
2015-12-09,42.35,42.35,38.1,38.95,4553.0,-0.012674271229404344,1.0
2015-12-10,39.1,40.5,37.55,39.0,2456.0,0.0012836970474967568,1.0
2015-12-11,39.2,40.35,38.2,38.3,1806.0,-0.017948717948717996,1.0
2015-12-14,39.5,42.1,39.5,42.1,10760.0,0.09921671018276768,1.0
2015-12-15,40.35,44.5,40.05,41.15,7473.0,-0.02256532066508321,1.0
2015-12-16,42.35,43.25,40.05,40.45,5270.0,-0.017010935601457944,1.0
2015-12-17,38.8,42.2,38.8,41.6,5889.0,0.028430160692212603,1.0
2015-12-18,40.3,40.9,39.0,40.15,5136.0,-0.034855769230769273,1.0
2015-12-21,42.35,42.35,41.0,41.8,5844.0,0.041095890410958846,1.0
2015-12-22,41.0,43.8,41.0,42.9,15170.0,0.026315789473684292,1.0
2015-12-23,44.6,44.6,42.0,43.25,3186.0,0.00815850815850827,1.0
2015-12-24,43.95,43.95,42.15,43.45,2474.0,0.0046242774566473965,1.0
2015-12-28,44.05,44.05,42.5,42.6,4286.0,-0.019562715765247485,1.0
2015-12-29,43.9,43.9,41.15,41.55,4633.0,-0.02464788732394374,1.0
2015-12-30,41.55,42.7,41.55,41.8,2686.0,0.006016847172081841,1.0
2015-12-31,43.5,43.6,42.5,43.25,7528.0,0.0346889952153111,1.0
2016-01-01,44.85,46.5,44.5,45.75,20546.0,0.05780346820809257,1.0
2016-01-04,46.0,46.4,44.2,44.5,11101.0,-0.02732240437158473,1.0
2016-01-05,43.9,44.9,42.1,44.85,3641.0,0.00786516853932584,1.0
2016-01-06,45.0,49.9,44.3,46.6,27087.0,0.03901895206243022,1.0
2016-01-07,44.75,45.4,42.75,43.1,9898.0,-0.07510729613733902,1.0
2016-01-08,44.75,46.9,43.25,44.5,3439.0,0.03248259860788849,1.0
2016-01-11,43.0,48.1,42.15,46.4,9415.0,0.04269662921348316,1.0
2016-01-12,45.55,45.95,41.5,45.0,7939.0,-0.030172413793103425,1.0
2016-01-13,43.5,46.25,38.25,42.95,8490.0,-0.04555555555555546,1.0
2016-01-14,38.25,43.7,38.25,42.0,3594.0,-0.022118742724097862,1.0
2016-01-15,42.2,43.0,39.5,39.9,4137.0,-0.050000000000000044,1.0
2016-01-18,38.3,38.3,35.15,37.5,4720.0,-0.06015037593984962,1.0
2016-01-19,36.25,39.5,36.0,38.65,6545.0,0.03066666666666662,1.0
2016-01-20,37.2,38.9,36.35,36.6,5004.0,-0.053040103492884794,1.0
2016-01-21,37.0,38.5,37.0,37.65,4956.0,0.0286885245901638,1.0
2016-01-22,36.6,39.5,36.6,38.9,18892.0,0.033200531208499307,1.0
2016-01-25,39.6,39.65,37.75,38.0,36513.0,-0.023136246786632397,1.0
2016-01-27,37.35,39.0,36.65,38.15,26440.0,0.003947368421052699,1.0
2016-01-28,36.7,39.05,36.7,37.95,47830.0,-0.005242463958060162,1.0
2016-01-29,37.3,38.75,37.25,38.15,4166.0,0.005270092226613787,1.0
2016-02-01,41.6,42.9,37.65,37.8,38506.0,-0.00917431192660556,1.0
2016-02-02,37.0,38.45,36.75,37.75,3554.0,-0.001322751322751281,1.0
2016-02-03,36.0,37.9,36.0,36.6,2890.0,-0.030463576158940353,1.0
2016-02-04,36.7,38.0,36.7,37.3,1949.0,0.0191256830601092,1.0
2016-02-05,36.7,36.7,36.0,36.5,5382.0,-0.021447721179624568,1.0
2016-02-08,35.65,38.5,35.65,37.45,1317.0,0.026027397260274032,1.0
2016-02-09,37.5,39.0,37.5,37.75,36661.0,0.008010680907877044,1.0
2016-02-10,37.1,37.9,36.55,37.5,6273.0,-0.0066225165562914245,1.0
2016-02-11,36.1,37.9,36.0,37.1,1789.0,-0.010666666666666602,1.0
2016-02-12,34.15,36.0,34.05,34.35,4028.0,-0.07412398921832886,1.0
2016-02-15,37.9,38.0,34.1,35.2,4508.0,0.024745269286754024,1.0
2016-02-16,34.75,35.95,33.25,34.25,17087.0,-0.026988636363636465,1.0
2016-02-17,33.9,34.95,33.15,34.6,1142.0,0.010218978102189746,1.0
2016-02-18,34.15,35.25,34.15,34.25,859.0,-0.010115606936416222,1.0
2016-02-19,32.75,35.3,32.75,34.3,7506.0,0.0014598540145984717,1.0
2016-02-22,33.5,35.35,33.5,34.05,5200.0,-0.007288629737609353,1.0
2016-02-23,35.0,35.0,35.0,35.0,449.0,0.027900146842878115,1.0
2016-02-24,38.0,38.0,33.15,33.3,8353.0,-0.0485714285714286,1.0
2016-02-25,33.0,35.5,33.0,34.35,387.0,0.031531531531531654,1.0
2016-02-26,32.8,34.9,32.8,34.1,213.0,-0.00727802037845704,1.0
2016-02-29,34.4,35.25,34.4,35.0,101901.0,0.02639296187683282,1.0
2016-03-01,35.6,36.2,34.1,35.9,60609.0,0.02571428571428558,1.0
2016-03-02,36.3,38.2,35.65,37.3,54314.0,0.03899721448467952,1.0
2016-03-03,37.05,37.4,36.5,36.7,1027.0,-0.0160857908847184,1.0
2016-03-04,40.0,40.0,36.55,37.2,2411.0,0.013623978201634968,1.0
2016-03-08,37.5,37.7,36.15,36.55,35602.0,-0.0174731182795701,1.0
2016-03-09,35.25,37.75,35.25,37.35,52659.0,0.021887824897401043,1.0
2016-03-10,38.7,38.7,36.7,37.3,3390.0,-0.0013386880856761652,1.0
2016-03-11,35.8,40.4,35.2,37.55,3210.0,0.006702412868632601,1.0
2016-03-14,38.85,38.85,37.0,37.5,51525.0,-0.0013315579227695107,1.0
2016-03-15,36.0,38.3,35.65,36.1,57300.0,-0.03733333333333333,1.0
2016-03-16,36.5,37.4,36.0,37.2,188072.0,0.030470914127423754,1.0
2016-03-17,37.8,38.8,36.55,37.55,186026.0,0.009408602150537515,1.0
2016-03-18,36.7,37.4,36.55,37.15,3113.0,-0.010652463382157085,1.0
2016-03-21,37.05,37.55,37.0,37.0,1018.0,-0.004037685060565233,1.0
2016-03-22,35.6,38.0,35.6,37.35,107250.0,0.009459459459459474,1.0
2016-03-23,37.45,38.0,37.0,37.75,131120.0,0.010709504685408211,1.0
2016-03-28,36.55,39.2,36.55,36.7,105507.0,-0.027814569536423805,1.0
2016-03-29,37.75,37.75,36.05,36.85,30660.0,0.004087193460490468,1.0
2016-03-30,37.85,39.5,34.45,39.3,18409.0,0.06648575305291704,1.0
2016-03-31,39.25,40.5,39.0,39.05,2124.0,-0.006361323155216314,1.0
2016-04-01,38.2,39.7,38.0,39.0,1222.0,-0.001280409731113874,1.0
2016-04-04,38.9,39.5,38.1,38.1,286.0,-0.023076923076922995,1.0
2016-04-05,37.9,37.9,37.9,37.9,800.0,-0.005249343832021025,1.0
2016-04-08,38.05,39.25,38.05,38.6,849.0,0.018469656992084582,1.0
2016-04-11,38.25,40.0,38.25,39.5,1804.0,0.023316062176165664,1.0
2016-04-12,39.85,40.95,39.85,40.7,5923.0,0.0303797468354432,1.0
2016-04-13,41.3,42.0,40.55,41.25,8870.0,0.013513513513513375,1.0
2016-04-18,42.25,42.7,41.5,41.9,11022.0,0.015757575757575637,1.0
2016-04-20,42.6,42.65,41.0,41.0,5787.0,-0.021479713603818618,1.0
2016-04-21,42.55,42.55,39.4,42.0,11062.0,0.024390243902439046,1.0
2016-04-22,42.7,43.65,41.2,43.1,31970.0,0.02619047619047632,1.0
2016-04-25,51.7,51.7,50.5,51.7,847149.0,0.19953596287703013,1.0
2016-04-26,54.9,59.45,54.4,56.15,1277339.0,0.08607350096711786,1.0
2016-04-27,56.35,59.75,55.05,56.25,544208.0,0.0017809439002671734,1.0
2016-04-28,56.7,63.4,55.15,60.35,1074694.0,0.072888888888889,1.0
2016-04-29,60.7,63.5,58.8,60.8,425784.0,0.007456503728251684,1.0
2016-05-02,60.8,61.9,58.55,59.5,201766.0,-0.021381578947368363,1.0
2016-05-03,60.0,60.9,57.2,57.45,194468.0,-0.03445378151260503,1.0
2016-05-04,57.5,58.9,57.0,57.5,107342.0,0.0008703220191470518,1.0
2016-05-05,57.6,59.35,56.3,57.75,122026.0,0.004347826086956497,1.0
2016-05-06,58.45,58.9,57.0,57.3,90066.0,-0.007792207792207795,1.0
2016-05-09,58.0,59.1,54.5,56.3,181114.0,-0.017452006980802848,1.0
2016-05-10,56.7,57.95,56.05,56.3,133172.0,0.0,1.0
2016-05-11,56.4,57.0,55.3,55.55,74660.0,-0.013321492007104752,1.0
2016-05-12,56.0,61.1,55.75,61.1,493624.0,0.09990999099909992,1.0
2016-05-13,63.5,66.4,61.5,62.5,670211.0,0.022913256955810146,1.0
2016-05-16,62.5,68.75,62.5,68.6,708839.0,0.09759999999999991,1.0
2016-05-17,69.0,72.25,65.4,68.25,443468.0,-0.005102040816326481,1.0
2016-05-18,68.2,70.75,67.0,68.25,190013.0,0.0,1.0
2016-05-19,68.5,69.3,64.0,64.55,132002.0,-0.05421245421245424,1.0
2016-05-20,64.55,67.6,63.0,64.8,134126.0,0.0038729666924863793,1.0
2016-05-23,66.0,68.0,64.85,65.45,108309.0,0.010030864197530853,1.0
2016-05-24,66.3,66.5,61.7,62.1,112818.0,-0.05118411000763945,1.0
2016-05-25,63.2,65.45,62.6,63.35,84061.0,0.020128824476650653,1.0
2016-05-26,63.25,65.85,62.35,65.05,94997.0,0.026835043409628945,1.0
2016-05-27,66.75,66.75,64.2,64.65,34912.0,-0.006149116064565585,1.0
2016-05-30,64.7,65.65,63.0,63.5,21981.0,-0.017788089713843824,1.0
2016-05-31,63.5,65.25,61.7,62.2,43772.0,-0.020472440944881876,1.0
2016-06-01,62.7,65.75,61.3,64.8,87408.0,0.041800643086816525,1.0
2016-06-02,65.8,66.4,63.65,64.05,35357.0,-0.01157407407407407,1.0
2016-06-03,65.8,71.0,65.15,67.8,276649.0,0.058548009367681564,1.0
2016-06-06,68.75,68.75,66.45,66.6,37143.0,-0.017699115044247815,1.0
2016-06-07,68.2,68.2,66.0,66.25,43396.0,-0.005255255255255165,1.0
2016-06-08,66.5,67.4,65.0,65.35,38290.0,-0.0135849056603774,1.0
2016-06-09,65.0,66.35,63.55,64.15,39841.0,-0.018362662586074774,1.0
2016-06-10,64.4,66.7,64.3,64.65,75920.0,0.0077942322681214815,1.0
2016-06-13,64.45,64.75,62.2,64.1,30401.0,-0.00850734725444724,1.0
2016-06-14,64.9,76.45,64.9,70.4,1372513.0,0.09828393135725455,1.0
2016-06-15,72.0,73.25,70.1,71.7,442417.0,0.01846590909090895,1.0
2016-06-16,72.5,72.5,67.5,69.3,142151.0,-0.03347280334728042,1.0
2016-06-17,70.4,71.3,68.0,68.35,88244.0,-0.013708513708513781,1.0
2016-06-20,68.35,71.9,67.0,70.05,84270.0,0.024871982443306573,1.0
2016-06-21,70.7,73.7,70.05,72.05,192858.0,0.028551034975017764,1.0
2016-06-22,73.4,73.95,68.0,68.35,256722.0,-0.051353226925746065,1.0
2016-06-23,69.25,69.3,66.3,68.15,56503.0,-0.002926115581565303,1.0
2016-06-24,63.0,67.4,62.2,66.3,218312.0,-0.027146001467351577,1.0
2016-06-27,66.9,69.5,66.0,67.55,76330.0,0.018853695324283493,1.0
2016-06-28,68.9,71.0,67.0,68.45,70298.0,0.013323464100666316,1.0
2016-06-29,68.6,74.6,68.6,71.65,241891.0,0.04674945215485771,1.0
2016-06-30,71.5,74.35,71.15,71.75,207142.0,0.0013956734124214165,1.0
2016-07-01,72.0,73.8,70.0,70.9,109398.0,-0.01184668989547033,1.0
2016-07-04,72.15,73.9,70.75,72.25,151338.0,0.019040902679830607,1.0
2016-07-05,73.4,73.8,71.6,73.15,88334.0,0.01245674740484426,1.0
2016-07-07,73.05,78.0,72.55,74.65,293259.0,0.02050580997949414,1.0
2016-07-08,77.45,80.0,76.2,78.65,771966.0,0.05358338914936378,1.0
2016-07-11,80.25,81.15,77.15,77.65,227139.0,-0.012714558169103607,1.0
2016-07-12,78.6,78.95,75.4,76.25,106419.0,-0.01802962009014819,1.0
2016-07-13,77.3,79.4,75.1,76.9,244237.0,0.008524590163934587,1.0
2016-07-14,76.9,79.2,76.0,77.75,145539.0,0.011053315994798307,1.0
2016-07-15,78.2,78.45,71.5,73.75,190880.0,-0.05144694533762062,1.0
2016-07-18,76.4,76.4,73.05,73.55,70584.0,-0.0027118644067797293,1.0
2016-07-19,74.85,75.6,72.3,75.2,58929.0,0.022433718558803717,1.0
2016-07-20,75.25,76.9,75.25,76.05,57148.0,0.011303191489361541,1.0
2016-07-21,76.8,77.95,75.1,76.05,81219.0,0.0,1.0
2016-07-22,76.2,77.15,75.0,75.3,54770.0,-0.009861932938856066,1.0
2016-07-25,76.8,80.0,75.1,78.45,319919.0,0.04183266932270935,1.0
2016-07-26,79.2,80.8,77.05,77.6,109569.0,-0.01083492670490771,1.0
2016-07-27,78.45,81.5,77.25,80.5,293829.0,0.037371134020618646,1.0
2016-07-28,82.4,87.7,82.4,85.0,487002.0,0.05590062111801242,1.0
2016-07-29,85.7,86.8,82.95,85.35,384363.0,0.004117647058823559,1.0
2016-08-01,81.05,81.05,68.7,70.8,1487149.0,-0.1704745166959578,1.0
2016-08-02,71.0,72.75,68.8,71.55,500789.0,0.010593220338983134,1.0
2016-08-03,72.45,72.5,68.25,69.75,116516.0,-0.02515723270440251,1.0
2016-08-04,70.8,71.85,68.6,70.3,139473.0,0.007885304659498216,1.0
2016-08-05,70.4,71.4,69.0,69.9,156220.0,-0.005689900426742445,1.0
2016-08-08,70.9,70.9,64.1,66.55,99747.0,-0.047925608011445076,1.0
2016-08-09,68.5,68.5,64.25,64.65,87642.0,-0.02854996243425978,1.0
2016-08-10,64.15,65.6,61.9,63.05,274173.0,-0.024748646558391485,1.0
2016-08-11,64.25,65.5,62.15,63.85,83141.0,0.012688342585249979,1.0
2016-08-12,63.95,67.7,63.65,66.45,180652.0,0.040720438527799496,1.0
2016-08-16,68.4,70.35,67.75,69.5,431265.0,0.04589917231000751,1.0
2016-08-17,69.8,70.3,68.05,68.5,82901.0,-0.014388489208633115,1.0
2016-08-18,68.6,71.0,67.25,68.35,111555.0,-0.0021897810218979297,1.0
2016-08-19,69.65,70.4,68.0,68.65,99710.0,0.004389173372348454,1.0
2016-08-22,69.5,69.7,67.45,67.65,69665.0,-0.014566642388929352,1.0
2016-08-23,69.1,69.1,65.25,65.75,107943.0,-0.028085735402808676,1.0
2016-08-24,65.75,67.9,64.4,65.3,278052.0,-0.006844106463878341,1.0
2016-08-25,66.85,67.45,65.5,66.45,77960.0,0.017611026033690802,1.0
2016-08-26,65.7,67.35,64.5,64.85,59706.0,-0.02407825432656141,1.0
2016-08-29,65.8,66.9,63.1,66.15,110184.0,0.020046260601388033,1.0
2016-08-30,65.25,67.45,65.25,66.1,52466.0,-0.0007558578987152398,1.0
2016-08-31,66.9,66.9,64.6,65.0,46900.0,-0.016641452344931862,1.0
2016-09-01,65.8,65.8,63.5,64.0,73740.0,-0.01538461538461533,1.0
2016-09-02,64.0,65.5,63.25,64.7,98412.0,0.010937500000000044,1.0
2016-09-06,63.9,65.8,63.9,64.65,39892.0,-0.0007727975270478415,1.0
2016-09-07,64.2,66.0,64.2,65.4,44509.0,0.011600928074245953,1.0
2016-09-08,65.8,71.7,65.1,68.65,311666.0,0.04969418960244654,1.0
2016-09-09,68.9,69.75,67.05,68.9,57220.0,0.0036416605972322547,1.0
2016-09-12,67.0,74.2,66.1,70.75,459825.0,0.02685050798258337,1.0
2016-09-14,71.4,73.5,70.0,71.8,194478.0,0.014840989399293347,1.0
2016-09-15,72.45,72.9,70.45,70.9,35338.0,-0.0125348189415041,1.0
2016-09-16,70.9,71.8,68.2,69.8,36855.0,-0.015514809590973289,1.0
2016-09-19,70.0,70.35,67.25,68.5,38961.0,-0.01862464183381085,1.0
2016-09-20,69.9,69.9,67.5,68.05,28199.0,-0.006569343065693456,1.0
2016-09-21,67.25,70.85,67.25,68.1,69509.0,0.0007347538574578039,1.0
2016-09-22,69.9,69.9,67.3,68.0,56783.0,-0.001468428781204012,1.0
2016-09-23,69.0,69.9,67.5,68.3,106615.0,0.004411764705882337,1.0
2016-09-26,69.45,69.9,68.0,68.3,32365.0,0.0,1.0
2016-09-27,68.1,70.9,68.1,70.45,170886.0,0.03147877013177158,1.0
2016-09-28,70.55,77.1,70.4,74.85,558758.0,0.06245564229950307,1.0
2016-09-29,75.0,76.5,66.0,67.4,235380.0,-0.09953239812959236,1.0
2016-09-30,70.5,71.9,67.95,70.2,63793.0,0.041543026706231334,1.0
2016-10-03,71.2,73.45,70.8,71.05,115632.0,0.012108262108261991,1.0
2016-10-04,73.0,76.7,72.25,74.55,438578.0,0.049261083743842304,1.0
2016-10-05,75.45,77.85,73.7,77.0,221756.0,0.032863849765258246,1.0
2016-10-06,77.1,78.7,74.4,75.25,120388.0,-0.022727272727272707,1.0
2016-10-07,75.95,76.9,74.2,75.15,48277.0,-0.0013289036544850141,1.0
2016-10-10,75.4,78.7,75.4,76.65,75325.0,0.019960079840319445,1.0
2016-10-13,77.0,77.5,71.55,72.95,60598.0,-0.04827136333985649,1.0
2016-10-14,73.15,74.35,72.0,73.35,37926.0,0.005483207676490576,1.0
2016-10-17,75.0,75.8,73.7,75.0,54644.0,0.02249488752556239,1.0
2016-10-18,75.9,81.4,74.0,80.35,1868658.0,0.07133333333333325,1.0
2016-10-19,81.3,84.0,80.95,82.2,379727.0,0.023024268823895522,1.0
2016-10-20,82.45,83.7,79.1,79.35,211979.0,-0.034671532846715425,1.0
2016-10-21,79.55,84.85,79.55,83.1,292551.0,0.047258979206049156,1.0
2016-10-24,83.65,88.4,83.6,86.5,453155.0,0.04091456077015643,1.0
2016-10-25,87.3,87.4,83.25,84.2,258793.0,-0.026589595375722475,1.0
2016-10-26,93.15,93.15,82.5,83.35,620067.0,-0.01009501187648465,1.0
2016-10-27,84.55,85.35,82.1,82.6,115635.0,-0.008998200359928044,1.0
2016-10-28,83.15,85.2,82.55,83.8,197764.0,0.014527845036319542,1.0
2016-10-30,84.4,85.7,83.1,83.95,44783.0,0.0017899761336517273,1.0
2016-11-01,84.3,84.9,80.4,82.6,122361.0,-0.016081000595592698,1.0
2016-11-02,82.45,82.5,79.5,79.95,88012.0,-0.03208232445520576,1.0
2016-11-03,79.95,81.7,78.2,78.9,75092.0,-0.013133208255159401,1.0
2016-11-04,68.0,79.25,68.0,74.3,272834.0,-0.058301647655259914,1.0
2016-11-07,75.4,77.5,74.3,75.6,99705.0,0.01749663526244949,1.0
2016-11-08,76.4,76.95,74.0,74.75,45175.0,-0.011243386243386166,1.0
2016-11-09,67.05,71.3,60.0,69.75,98666.0,-0.06688963210702337,1.0
2016-11-10,73.85,75.9,70.25,71.65,55598.0,0.027240143369175795,1.0
2016-11-11,71.65,72.8,68.2,69.05,45468.0,-0.03628750872295894,1.0
2016-11-15,69.9,69.9,62.0,65.5,48139.0,-0.051412020275162895,1.0
2016-11-16,67.2,67.8,63.05,65.45,32154.0,-0.0007633587786258778,1.0
2016-11-17,66.0,66.75,62.4,64.55,38279.0,-0.013750954927425618,1.0
2016-11-18,65.05,66.65,63.65,65.85,29504.0,0.020139426800929394,1.0
2016-11-21,66.45,66.45,62.1,62.4,23993.0,-0.05239179954441908,1.0
2016-11-22,63.85,63.85,61.0,61.9,139157.0,-0.008012820512820484,1.0
2016-11-23,62.15,64.7,61.6,63.65,41506.0,0.028271405492730217,1.0
2016-11-24,63.95,64.7,62.6,63.9,21426.0,0.003927729772191579,1.0
2016-11-25,64.15,66.45,64.0,64.5,44610.0,0.009389671361502261,1.0
2016-11-28,65.9,68.8,64.15,67.25,138903.0,0.04263565891472876,1.0
2016-11-29,66.55,69.0,66.0,66.45,43847.0,-0.011895910780669094,1.0
2016-11-30,67.05,68.25,66.1,67.15,30422.0,0.010534236267870645,1.0
2016-12-01,68.45,68.45,66.4,66.55,10709.0,-0.00893521965748334,1.0
2016-12-02,65.7,66.85,64.35,65.4,23646.0,-0.01728024042073617,1.0
2016-12-05,64.85,66.8,63.0,64.5,23916.0,-0.013761467889908396,1.0
2016-12-06,64.35,65.95,64.35,65.15,10119.0,0.010077519379845024,1.0
2016-12-07,65.85,65.95,64.0,64.4,16727.0,-0.011511895625479607,1.0
2016-12-08,65.0,67.4,64.35,66.5,27462.0,0.032608695652173836,1.0
2016-12-09,66.05,69.5,66.0,67.2,27674.0,0.010526315789473717,1.0
2016-12-12,67.95,67.95,65.1,65.8,26673.0,-0.02083333333333337,1.0
2016-12-13,65.7,69.0,65.7,67.2,23368.0,0.021276595744680993,1.0
2016-12-14,67.2,71.0,66.45,68.75,163072.0,0.023065476190476053,1.0
2016-12-15,68.7,70.8,68.5,68.65,21710.0,-0.001454545454545375,1.0
2016-12-16,68.55,69.3,67.1,67.75,9891.0,-0.01310997815003645,1.0
2016-12-19,67.0,67.7,66.3,67.0,14836.0,-0.011070110701106972,1.0
2016-12-20,66.65,67.55,66.25,66.85,13086.0,-0.00223880597014936,1.0
2016-12-21,66.3,67.55,66.2,66.55,5246.0,-0.004487658937920691,1.0
2016-12-22,66.5,67.5,64.1,65.25,18923.0,-0.019534184823440937,1.0
2016-12-23,64.05,66.9,63.65,64.95,11048.0,-0.0045977011494252595,1.0
2016-12-26,64.05,64.9,62.4,63.05,11642.0,-0.029253271747498144,1.0
2016-12-27,62.5,64.7,62.5,63.5,14612.0,0.007137192704202988,1.0
2016-12-28,64.5,65.75,63.3,63.7,12224.0,0.0031496062992126816,1.0
2016-12-29,63.7,66.8,62.1,65.9,21971.0,0.03453689167974883,1.0
2016-12-30,68.25,71.3,67.05,67.3,120429.0,0.02124430955993928,1.0
2017-01-02,67.35,67.75,66.0,66.1,49190.0,-0.017830609212481474,1.0
2017-01-03,66.9,69.5,65.3,67.55,46323.0,0.021936459909228434,1.0
2017-01-04,68.8,69.7,67.55,68.45,58757.0,0.013323464100666316,1.0
2017-01-05,68.5,72.0,68.5,70.55,263845.0,0.030679327976625093,1.0
2017-01-06,71.4,72.35,70.0,70.15,77834.0,-0.005669737774627759,1.0
2017-01-09,70.6,72.0,69.0,70.7,29072.0,0.00784034212401985,1.0
2017-01-10,71.0,72.9,70.05,71.55,59043.0,0.012022630834511938,1.0
2017-01-11,72.45,73.5,70.5,71.6,76438.0,0.0006988120195667857,1.0
2017-01-12,72.8,72.9,70.9,71.4,33289.0,-0.0027932960893852776,1.0
2017-01-13,71.2,72.75,71.15,72.1,52362.0,0.009803921568627194,1.0
2017-01-16,71.6,77.0,71.6,75.9,169249.0,0.052704576976421835,1.0
2017-01-17,76.5,78.0,74.8,75.2,116814.0,-0.00922266139657446,1.0
2017-01-18,75.45,78.35,74.9,75.25,112261.0,0.0006648936170212671,1.0
2017-01-19,75.05,76.65,73.8,74.15,32894.0,-0.014617940199335488,1.0
2017-01-20,74.1,75.2,71.15,71.65,23478.0,-0.033715441672285906,1.0
2017-01-23,71.5,73.75,70.95,73.0,26502.0,0.01884159106769001,1.0
2017-01-24,72.35,73.9,71.55,72.4,23383.0,-0.008219178082191747,1.0
2017-01-25,72.4,73.55,71.4,72.85,22728.0,0.006215469613259472,1.0
2017-01-27,73.8,75.5,72.15,74.25,130812.0,0.019217570350034352,1.0
2017-01-30,74.85,75.0,73.2,73.8,52360.0,-0.0060606060606061,1.0
2017-01-31,74.85,74.85,71.65,73.85,54827.0,0.0006775067750677266,1.0
2017-02-01,74.45,77.4,71.25,76.7,119252.0,0.038591740013541154,1.0
2017-02-02,76.7,77.9,74.75,75.05,30745.0,-0.0215123859191656,1.0
2017-02-03,74.5,75.75,74.0,74.45,19610.0,-0.00799467021985334,1.0
2017-02-06,75.0,76.2,73.75,74.35,22557.0,-0.001343183344526655,1.0
2017-02-07,74.95,79.0,74.95,77.25,286049.0,0.0390047074646942,1.0
2017-02-08,76.4,76.95,75.2,76.4,26168.0,-0.011003236245954673,1.0
2017-02-09,77.4,77.4,75.2,75.9,40628.0,-0.00654450261780104,1.0
2017-02-10,76.8,76.95,73.05,73.75,41865.0,-0.02832674571805016,1.0
2017-02-13,73.7,75.35,72.2,73.05,16991.0,-0.009491525423728886,1.0
2017-02-14,72.5,74.35,71.9,72.45,15073.0,-0.008213552361396204,1.0
2017-02-15,71.0,71.2,62.0,68.3,80607.0,-0.057280883367839985,1.0
2017-02-16,66.65,69.95,66.65,68.65,23690.0,0.005124450951683901,1.0
2017-02-17,67.55,71.2,67.55,69.85,27410.0,0.017479970866715044,1.0
2017-02-20,69.55,71.9,69.2,70.05,8751.0,0.0028632784538296097,1.0
2017-02-21,71.4,71.4,69.75,70.25,23432.0,0.002855103497501732,1.0
2017-02-22,73.0,73.0,69.25,71.45,21196.0,0.017081850533807952,1.0
2017-02-23,72.8,72.8,70.05,70.7,8291.0,-0.01049685094471653,1.0
2017-02-27,70.5,71.95,70.1,70.15,15113.0,-0.00777934936350777,1.0
2017-02-28,71.45,71.45,70.0,70.15,18536.0,0.0,1.0
2017-03-01,70.0,71.4,69.0,70.2,20647.0,0.0007127583749109156,1.0
2017-03-02,70.9,70.9,68.2,68.6,14950.0,-0.02279202279202286,1.0
2017-03-03,69.5,69.5,67.4,68.3,12390.0,-0.004373177842565523,1.0
2017-03-06,69.2,81.95,68.15,81.95,746898.0,0.19985358711566636,1.0
2017-03-07,81.13333333333334,90.63333333333334,79.05,89.63333333333334,815625.3333333334,0.12931415611632663,1.0
2017-03-08,93.06666666666666,99.31666666666666,89.95,97.31666666666666,884352.6666666666,0.058774725116986865,1.0
2017-03-09,105.0,108.0,100.85,105.0,953080.0,-0.0117647058823529,1.0
2017-03-10,103.8,115.5,103.4,115.15,1689351.0,0.09666666666666668,1.0
2017-03-14,118.0,124.0,116.05,121.6,1075626.0,0.05601389491966979,1.0
2017-03-15,122.0,122.4,116.1,116.9,273383.0,-0.03865131578947356,1.0
2017-03-16,116.75,119.5,112.6,115.45,164501.0,-0.012403763900769915,1.0
2017-03-17,113.0,119.0,112.25,116.8,137108.0,0.011693373754872116,1.0
2017-03-20,116.5,117.5,110.0,110.8,96422.0,-0.05136986301369861,1.0
2017-03-21,110.8,121.0,108.2,117.85,986935.0,0.06362815884476536,1.0
2017-03-22,116.8,118.7,112.6,114.0,514286.0,-0.032668646584641414,1.0
2017-03-23,115.4,117.5,110.5,114.85,521775.0,0.00745614035087705,1.0
2017-03-24,114.0,115.45,112.1,113.35,308218.0,-0.013060513713539446,1.0
2017-03-27,114.7,116.9,111.65,114.45,527425.0,0.00970445522717256,1.0
2017-03-28,116.5,125.85,113.6,125.8,778167.0,0.09916994320664041,1.0
2017-03-29,124.4,126.5,113.25,114.25,826326.0,-0.09181240063592999,1.0
2017-03-30,116.55,120.0,114.25,117.7,215475.0,0.030196936542669528,1.0
2017-03-31,118.45,121.4,115.8,119.0,278800.0,0.011045029736618472,1.0
2017-04-03,119.45,124.0,118.0,121.6,224292.0,0.02184873949579824,1.0
2017-04-05,124.0,131.4,118.7,130.05,917249.0,0.06949013157894757,1.0
2017-04-06,129.9,136.35,129.0,131.3,469815.0,0.009611687812379754,1.0
2017-04-07,130.0,138.2,129.5,133.25,1371278.0,0.014851485148514865,1.0
2017-04-10,136.0,149.0,136.0,143.1,740642.0,0.07392120075046904,1.0
2017-04-11,143.2,148.9,143.2,146.15,265689.0,0.02131376659678552,1.0
2017-04-12,147.1,147.65,136.5,138.05,194819.0,-0.05542251111871366,1.0
2017-04-13,138.0,144.25,136.0,137.3,166435.0,-0.005432814197754432,1.0
2017-04-17,137.0,139.0,134.3,134.95,102123.0,-0.017115804806992152,1.0
2017-04-18,136.5,140.0,134.0,137.25,158711.0,0.017043349388662588,1.0
2017-04-19,137.0,139.05,134.15,136.15,107559.0,-0.008014571948998128,1.0
2017-04-20,137.4,138.45,135.05,136.0,54381.0,-0.0011017260374587279,1.0
2017-04-21,136.55,139.6,134.1,134.9,96753.0,-0.008088235294117618,1.0
2017-04-24,137.45,141.5,135.2,138.05,132444.0,0.02335063009636773,1.0
2017-04-25,138.5,140.8,137.45,138.2,107517.0,0.0010865628395506643,1.0
2017-04-26,138.2,140.2,132.3,133.95,218034.0,-0.03075253256150512,1.0
2017-04-27,136.0,141.75,133.0,137.4,200958.0,0.025755879059350617,1.0
2017-04-28,136.05,138.4,134.75,135.5,50774.0,-0.013828238719068464,1.0
2017-05-02,137.2,139.7,131.15,135.0,100969.0,-0.0036900369003689537,1.0
2017-05-03,135.15,140.5,133.3,134.85,273940.0,-0.0011111111111111738,1.0
2017-05-04,134.65,139.4,134.65,137.2,63800.0,0.01742677048572494,1.0
2017-05-05,137.55,137.55,131.0,132.9,297160.0,-0.03134110787171995,1.0
2017-05-08,135.65,137.35,133.0,133.1,348420.0,0.0015048908954100604,1.0
2017-05-09,135.2,139.8,130.15,132.2,1079586.0,-0.006761833208114187,1.0
2017-05-10,135.4,135.65,132.1,134.9,481624.0,0.02042360060514392,1.0
2017-05-11,134.95,139.3,134.8,136.95,262814.0,0.01519644180874713,1.0
2017-05-12,137.25,137.25,133.0,133.05,539298.0,-0.028477546549835586,1.0
2017-05-15,133.55,135.75,132.6,133.25,250066.0,0.001503194287861609,1.0
2017-05-16,134.25,146.15,132.5,143.1,984372.0,0.07392120075046904,1.0
2017-05-17,145.3,145.4,137.6,139.55,320000.0,-0.024807826694619006,1.0
2017-05-18,138.0,147.0,137.6,142.55,373712.0,0.021497671085632497,1.0
2017-05-19,144.1,151.5,143.5,147.15,280450.0,0.032269379165205114,1.0
2017-05-22,147.9,148.0,141.0,142.3,231656.0,-0.032959565069656804,1.0
2017-05-23,142.95,143.85,134.5,138.55,143308.0,-0.026352775825720265,1.0
2017-05-24,141.0,141.0,132.95,134.9,86340.0,-0.02634428004330569,1.0
2017-05-25,135.95,137.1,134.0,135.85,37672.0,0.007042253521126751,1.0
2017-05-26,137.4,141.0,136.05,137.3,63619.0,0.010673536989326493,1.0
2017-05-29,137.0,138.4,134.5,135.95,43405.0,-0.009832483612527532,1.0
2017-05-30,138.0,138.0,134.15,135.0,265743.0,-0.006987863184994447,1.0
2017-05-31,135.8,137.9,135.05,136.75,79655.0,0.012962962962963065,1.0
2017-06-01,136.7,136.95,133.9,135.0,271654.0,-0.012797074954296161,1.0
2017-06-02,137.65,139.0,133.8,134.3,419377.0,-0.0051851851851850705,1.0
2017-06-05,133.2,135.7,133.2,134.3,69048.0,0.0,1.0
2017-06-06,134.0,135.0,133.55,134.7,123743.0,0.0029784065524942616,1.0
2017-06-07,134.6,135.5,128.6,130.8,216087.0,-0.028953229398663516,1.0
2017-06-08,131.9,133.8,130.95,131.95,234910.0,0.008792048929663343,1.0
2017-06-09,130.25,135.0,130.25,133.55,117697.0,0.012125805229253661,1.0
2017-06-12,132.7,135.0,131.15,134.05,24478.0,0.0037439161362784468,1.0
2017-06-13,133.65,144.05,133.0,140.5,475505.0,0.048116374487131575,1.0
2017-06-14,140.0,148.0,139.7,142.6,375662.0,0.014946619217081736,1.0
2017-06-15,141.15,143.9,140.0,141.05,237769.0,-0.01086956521739113,1.0
2017-06-16,144.5,145.85,141.3,143.75,106795.0,0.01914214817440607,1.0
2017-06-19,142.0,145.0,139.35,144.05,96117.0,0.0020869565217391806,1.0
2017-06-20,144.1,150.65,142.95,146.35,636337.0,0.015966678236723153,1.0
2017-06-21,145.6,149.8,143.0,147.95,239860.0,0.010932695592757113,1.0
2017-06-22,149.6,150.7,144.2,146.35,132046.0,-0.010814464346062813,1.0
2017-06-23,146.4,146.4,142.0,144.25,267871.0,-0.0143491629654936,1.0
2017-06-27,145.0,147.75,139.95,141.95,32013.0,-0.015944540727903078,1.0
2017-06-28,140.5,143.45,138.1,139.1,123917.0,-0.02007749207467413,1.0
2017-06-29,140.55,148.0,139.55,145.95,250968.0,0.04924514737598851,1.0
2017-06-30,145.0,149.5,142.0,147.2,284873.0,0.008564576909900756,1.0
2017-07-03,147.6,149.05,146.0,147.8,76849.0,0.0040760869565219515,1.0
2017-07-04,147.85,148.45,144.2,146.35,21078.0,-0.009810554803789007,1.0
2017-07-05,146.1,146.9,143.55,143.9,16577.0,-0.01674069012640922,1.0
2017-07-06,143.0,147.0,142.0,144.6,99025.0,0.004864489228630919,1.0
2017-07-07,145.65,146.4,142.2,143.5,35699.0,-0.007607192254495132,1.0
2017-07-10,143.6,145.0,143.0,144.35,16272.0,0.005923344947735165,1.0
2017-07-11,146.25,146.9,141.4,145.0,49445.0,0.004502944232767536,1.0
2017-07-12,145.05,154.9,143.5,151.75,361825.0,0.04655172413793096,1.0
2017-07-13,153.25,159.9,152.2,153.15,367152.0,0.009225700164744666,1.0
2017-07-14,153.9,154.0,148.4,149.6,77463.0,-0.023179888997714726,1.0
2017-07-17,150.85,150.9,147.6,149.25,27428.0,-0.0023395721925133506,1.0
2017-07-18,148.9,149.2,147.3,148.45,27345.0,-0.005360134003350114,1.0
2017-07-19,151.5,151.5,145.55,148.35,48753.0,-0.000673627484001349,1.0
2017-07-20,149.35,150.0,145.1,146.6,29479.0,-0.01179642736771147,1.0
2017-07-21,148.1,148.85,144.0,145.05,55558.0,-0.010572987721691574,1.0
2017-07-24,145.65,147.0,144.05,145.8,31949.0,0.005170630816959676,1.0
2017-07-25,146.7,147.95,144.35,145.6,24237.0,-0.001371742112482921,1.0
2017-07-26,148.8,148.85,137.1,139.7,153022.0,-0.0405219780219781,1.0
2017-07-27,141.05,142.6,135.3,136.65,158576.0,-0.021832498210450857,1.0
2017-07-28,138.55,140.6,135.7,138.65,24333.0,0.014635931211123276,1.0
2017-07-31,139.9,145.65,133.5,143.05,130390.0,0.031734583483591816,1.0
2017-08-01,144.0,147.0,138.6,143.85,571414.0,0.005592450192240417,1.0
2017-08-02,144.5,146.0,141.15,142.35,74300.0,-0.010427528675703845,1.0
2017-08-03,142.35,142.35,136.6,137.2,43564.0,-0.036178433438707414,1.0
2017-08-04,137.2,139.5,135.0,137.4,22962.0,0.001457725947521915,1.0
2017-08-07,138.0,138.0,134.5,136.15,78123.0,-0.0090975254730713,1.0
2017-08-08,139.2,144.5,136.2,143.35,161579.0,0.05288284979801672,1.0
2017-08-09,142.85,144.65,139.0,139.65,21287.0,-0.02581095221485863,1.0
2017-08-10,136.0,137.95,131.3,132.35,37760.0,-0.052273540995345535,1.0
2017-08-11,130.0,134.4,125.0,131.3,54390.0,-0.007933509633547331,1.0
2017-08-14,130.7,135.0,130.7,133.05,11591.0,0.013328255902513408,1.0
2017-08-16,134.95,137.5,134.3,136.45,17163.0,0.025554302893648906,1.0
2017-08-17,136.55,140.7,136.05,139.95,23103.0,0.025650421399780132,1.0
2017-08-18,139.0,141.9,137.95,139.3,16136.0,-0.004644515898534984,1.0
2017-08-21,141.55,141.9,136.0,136.75,7954.0,-0.018305814788226904,1.0
2017-08-22,139.75,139.75,134.35,135.45,59283.0,-0.009506398537477256,1.0
2017-08-23,134.0,136.8,133.0,135.55,6932.0,0.0007382798080475261,1.0
2017-08-24,136.15,139.0,136.0,137.15,23842.0,0.011803762449280608,1.0
2017-08-28,136.0,139.5,131.7,136.6,54980.0,-0.004010207801677046,1.0
2017-08-29,136.0,139.35,136.0,136.9,9065.0,0.002196193265007418,1.0
2017-08-30,139.0,141.4,136.5,137.45,7025.0,0.0040175310445580426,1.0
2017-08-31,138.0,151.15,135.0,146.45,247269.0,0.06547835576573302,1.0
2017-09-01,149.4,156.8,146.1,149.85,697681.0,0.02321611471491991,1.0
2017-09-04,157.93333333333334,164.76666666666668,153.66666666666666,157.85,547858.6666666666,0.009267982770714315,1.0
2017-09-05,166.46666666666667,172.73333333333332,161.23333333333335,165.85,398036.3333333333,-0.004680149173491282,1.0
2017-09-06,175.0,180.7,168.8,173.85,248214.0,-0.018628281117696877,1.0
2017-09-07,175.0,178.6,170.5,171.75,92514.0,-0.012079378774805805,1.0
2017-09-08,173.35,176.8,165.8,171.9,108998.0,0.0008733624454149158,1.0
2017-09-11,171.95,177.5,170.0,173.5,151815.0,0.009307737056428067,1.0
2017-09-12,176.0,181.2,172.15,176.25,169542.0,0.015850144092218965,1.0
2017-09-13,176.7,177.3,170.7,172.0,45670.0,-0.024113475177305,1.0
2017-09-14,174.0,174.5,168.5,171.8,87597.0,-0.0011627906976743319,1.0
2017-09-15,170.95,176.85,169.0,172.8,209161.0,0.005820721769499437,1.0
2017-09-18,172.6,188.0,172.5,173.45,1106627.0,0.003761574074073959,1.0
2017-09-19,174.65,190.0,173.65,184.15,538776.0,0.061689247621793175,1.0
2017-09-20,187.8,195.95,184.2,190.25,552528.0,0.03312516969861523,1.0
2017-09-21,192.0,192.45,177.0,183.15,221633.0,-0.037319316688567694,1.0
2017-09-22,181.1,184.4,178.0,179.55,230260.0,-0.019656019656019597,1.0
2017-09-25,181.0,183.9,161.95,169.5,133614.0,-0.05597326649958234,1.0
2017-09-26,171.7,175.9,160.0,167.8,404134.0,-0.010029498525073732,1.0
2017-09-27,170.45,172.45,161.5,163.7,95582.0,-0.02443384982121588,1.0
2017-09-28,164.1,170.65,164.1,168.95,55325.0,0.03207086133170445,1.0
2017-09-29,170.75,172.0,164.5,165.45,162457.0,-0.020716188221367227,1.0
2017-10-03,169.7,185.85,165.0,183.45,425054.0,0.10879419764279241,1.0
2017-10-04,182.5,184.35,173.65,174.75,280647.0,-0.04742436631234659,1.0
2017-10-05,191.675,193.85,181.825,183.55,253180.5,-0.046061326439014116,1.0
2017-10-06,200.85,203.35,190.0,192.35,225714.0,-0.044698286565681644,1.0
2017-10-09,194.9,207.6,194.9,202.85,433769.0,0.05458799064205877,1.0
2017-10-10,201.05,214.0,199.05,209.1,462671.0,0.03081094404732565,1.0
2017-10-11,209.8,209.8,194.0,197.9,248804.0,-0.053562888570062084,1.0
2017-10-12,200.0,203.95,195.05,199.15,99815.0,0.0063163213744314994,1.0
2017-10-13,201.0,202.8,195.2,196.9,75389.0,-0.011298016570424285,1.0
2017-10-16,196.9,201.5,194.45,197.7,56223.0,0.00406297613001505,1.0
2017-10-17,199.0,201.25,194.0,196.95,322873.0,-0.003793626707132014,1.0
2017-10-18,194.0,198.8,194.0,194.65,37941.0,-0.011678090886011572,1.0
2017-10-19,196.9,199.5,193.0,196.5,21573.0,0.009504238376573326,1.0
2017-10-23,198.0,200.9,193.1,193.4,33241.0,-0.01577608142493636,1.0
2017-10-24,195.9,203.95,190.2,195.5,134165.0,0.01085832471561532,1.0
2017-10-25,194.1,198.8,192.25,192.55,80842.0,-0.015089514066496057,1.0
2017-10-26,195.4,195.9,190.1,191.55,60788.0,-0.005193456245131123,1.0
2017-10-27,194.4,203.5,192.05,199.35,150543.0,0.040720438527799496,1.0
2017-10-30,199.35,206.5,197.0,200.0,307853.0,0.003260596940055205,1.0
2017-10-31,200.0,202.85,186.4,194.05,530172.0,-0.029749999999999943,1.0
2017-11-01,195.8,199.1,194.65,196.25,104236.0,0.011337284205101827,1.0
2017-11-02,197.0,199.4,194.05,195.85,165871.0,-0.0020382165605096203,1.0
2017-11-03,193.25,196.0,192.5,194.6,277621.0,-0.006382435537401032,1.0
2017-11-06,196.7,208.2,193.05,204.15,341211.0,0.0490750256937309,1.0
2017-11-07,208.2,215.0,203.55,205.1,350213.0,0.004653441097232314,1.0
2017-11-08,207.85,207.85,192.25,195.3,88819.0,-0.04778156996587024,1.0
2017-11-09,197.2,200.6,193.25,198.65,77238.0,0.01715309779825902,1.0
2017-11-10,195.0,196.85,192.65,194.55,69795.0,-0.02063931537880692,1.0
2017-11-13,194.55,199.5,193.1,196.45,202001.0,0.00976612695965029,1.0
2017-11-14,196.7,197.95,193.0,194.15,173188.0,-0.011707813693051627,1.0
2017-11-15,192.0,195.9,188.25,190.15,60423.0,-0.020602626834921423,1.0
2017-11-16,192.4,200.95,192.0,196.7,104840.0,0.03444648961346286,1.0
2017-11-17,197.9,215.0,194.05,205.3,340507.0,0.04372140315200834,1.0
2017-11-20,205.5,218.9,205.5,213.35,227577.0,0.03921091086215278,1.0
2017-11-21,215.25,215.3,207.6,210.65,109224.0,-0.01265526130771033,1.0
2017-11-22,211.0,216.3,209.05,212.15,47286.0,0.007120816520294282,1.0
2017-11-23,214.6,214.6,208.4,209.55,47167.0,-0.012255479613480946,1.0
2017-11-24,209.0,213.2,209.0,212.1,22986.0,0.012168933428775786,1.0
2017-11-27,213.5,221.6,205.0,218.95,114135.0,0.03229608675153228,1.0
2017-11-28,221.65,232.1,220.25,227.2,261528.0,0.0376798355788992,1.0
2017-11-29,222.45000000000002,232.18333333333334,221.3,226.7,215724.33333333334,0.026677869464499425,1.0
2017-11-30,223.25,232.26666666666665,222.35,226.2,169920.6666666667,0.015675903350099645,1.0
2017-12-01,224.05,232.35,223.4,225.7,124117.0,0.004673937235699865,1.0
2017-12-04,228.9,229.4,220.9,223.35,52990.0,-0.010412051395657929,1.0
2017-12-05,225.0,225.0,216.2,219.55,203966.0,-0.017013655697335928,1.0
2017-12-06,220.0,223.3,214.5,215.7,47764.0,-0.017535868822591727,1.0
2017-12-07,216.1,222.0,216.1,218.0,94985.0,0.01066295781177562,1.0
2017-12-08,218.65,221.35,213.0,216.35,72593.0,-0.007568807339449535,1.0
2017-12-11,215.45,224.95,212.25,221.65,85482.0,0.024497342269470757,1.0
2017-12-12,221.0,224.05,216.5,217.95,48727.0,-0.016692984434919955,1.0
2017-12-13,217.95,221.7,215.85,216.8,163457.0,-0.005276439550355505,1.0
2017-12-14,218.9,219.0,213.05,217.0,26975.0,0.0009225092250921829,1.0
2017-12-15,219.0,223.05,218.0,222.15,62743.0,0.023732718894009297,1.0
2017-12-18,220.0,225.1,216.3,220.5,123190.0,-0.007427413909520619,1.0
2017-12-19,220.95,223.95,219.0,220.65,66220.0,0.0006802721088434716,1.0
2017-12-20,222.0,228.7,220.0,224.0,41744.0,0.015182415590301312,1.0
2017-12-21,227.3,227.4,223.05,224.9,15636.0,0.004017857142857073,1.0
2017-12-22,225.1,225.45,217.3,218.2,75621.0,-0.029791018230324706,1.0
2017-12-26,219.9,219.9,214.0,216.95,293993.0,-0.00572868927589365,1.0
2017-12-27,213.55,218.9,213.05,214.65,58847.0,-0.010601521087808208,1.0
2017-12-28,216.35,217.35,210.75,212.55,35623.0,-0.009783368273934334,1.0
2017-12-29,210.5,220.8,210.45,219.55,127308.0,0.0329334274288402,1.0
2018-01-01,221.35,227.0,217.65,222.6,113942.0,0.013892051924390802,1.0
2018-01-02,222.0,224.2,217.0,219.95,43376.0,-0.011904761904761973,1.0
2018-01-03,219.05,224.4,219.05,222.5,29988.0,0.011593543987269861,1.0
2018-01-04,222.5,248.4,221.55,243.05,512703.0,0.09235955056179779,1.0
2018-01-05,245.75,251.3,238.75,240.1,406708.0,-0.012137420283892308,1.0
2018-01-08,241.85,241.85,231.9,239.35,101768.0,-0.0031236984589754213,1.0
2018-01-09,235.0,248.25,235.0,244.85,211922.0,0.022978901190724876,1.0
2018-01-10,244.9,248.5,239.0,241.0,153923.0,-0.01572391259955075,1.0
2018-01-11,241.0,242.15,236.1,238.25,40065.0,-0.011410788381742698,1.0
2018-01-12,239.0,249.8,238.9,241.6,93005.0,0.01406086044071353,1.0
2018-01-15,248.0,249.9,238.0,241.35,53060.0,-0.0010347682119205004,1.0
2018-01-16,239.0,243.45,230.75,234.3,59911.0,-0.029210689869484052,1.0
2018-01-17,236.0,236.0,221.0,228.2,63114.0,-0.026034997865983844,1.0
2018-01-18,227.05,231.0,218.6,219.4,141778.0,-0.03856266432953537,1.0
2018-01-19,222.65,224.5,216.1,222.35,216592.0,0.013445761166818615,1.0
2018-01-22,220.0,227.95,218.0,222.8,151193.0,0.002023836294130943,1.0
2018-01-23,224.1,227.5,221.3,223.45,76838.0,0.002917414721723466,1.0
2018-01-24,221.0,225.0,217.0,223.9,69602.0,0.0020138733497427896,1.0
2018-01-25,224.2,240.95,224.2,230.2,214674.0,0.02813756141134438,1.0
2018-01-29,228.35,232.9,218.55,220.05,79633.0,-0.04409209383145085,1.0
2018-01-30,219.4,220.75,213.0,217.0,131043.0,-0.013860486253124304,1.0
2018-01-31,218.75,218.75,210.05,213.2,40473.0,-0.017511520737327202,1.0
2018-02-01,214.0,218.7,208.85,217.45,38555.0,0.019934333958724126,1.0
2018-02-02,208.85,213.9,177.8,195.95,81065.0,-0.09887330420786389,1.0
2018-02-05,186.15,200.0,157.2,189.85,207350.0,-0.031130390405715747,1.0
2018-02-06,175.5,188.05,175.5,183.1,83470.0,-0.03555438504082176,1.0
2018-02-07,185.5,198.9,185.5,197.35,69182.0,0.07782632441288917,1.0
2018-02-08,199.95,205.0,197.1,198.1,63813.0,0.003800354699772024,1.0
2018-02-09,193.9,199.95,191.3,198.0,33307.0,-0.0005047955577990315,1.0
2018-02-12,202.8,214.9,199.15,211.4,62650.0,0.06767676767676778,1.0
2018-02-14,217.9,218.4,211.0,216.35,203333.0,0.023415326395458846,1.0
2018-02-15,217.0,225.0,215.0,218.4,58237.0,0.009475387104229238,1.0
2018-02-16,218.95,221.9,207.75,208.7,51338.0,-0.04441391941391948,1.0
2018-02-19,203.0,208.0,198.0,203.65,86190.0,-0.024197412553905062,1.0
2018-02-20,203.25,214.95,203.0,206.55,469061.0,0.014240117849251277,1.0
2018-02-21,207.75,210.25,201.6,203.0,259313.0,-0.017187121762285207,1.0
2018-02-22,201.6,206.5,201.1,202.4,171501.0,-0.002955665024630516,1.0
2018-02-23,206.2,206.2,201.05,201.7,34319.0,-0.0034584980237154506,1.0
2018-02-26,203.2,204.95,200.0,200.8,71523.0,-0.004462072384729732,1.0
2018-02-27,201.0,202.9,188.75,191.25,135120.0,-0.04755976095617531,1.0
2018-02-28,191.0,191.2,185.0,186.25,152137.0,-0.02614379084967322,1.0
2018-03-01,186.5,191.2,183.2,184.6,51701.0,-0.008859060402684582,1.0
2018-03-05,186.2,186.2,169.0,170.65,290288.0,-0.07556879739978328,1.0
2018-03-06,172.5,177.9,169.45,171.6,73643.0,0.005566949897450879,1.0
2018-03-07,171.0,171.0,155.0,159.75,183121.0,-0.06905594405594406,1.0
2018-03-08,160.2,165.7,155.0,162.6,147549.0,0.017840375586854362,1.0
2018-03-09,167.9,176.6,165.25,168.25,343690.0,0.034747847478474814,1.0
2018-03-12,170.3,170.5,164.75,168.75,263603.0,0.002971768202080227,1.0
2018-03-13,171.0,174.4,169.0,171.15,42292.0,0.014222222222222358,1.0
2018-03-14,171.0,174.05,168.25,171.65,101890.0,0.0029214139643587433,1.0
2018-03-15,171.15,178.0,168.25,176.5,123931.0,0.02825517040489367,1.0
2018-03-16,178.0,180.5,175.0,179.75,27994.0,0.018413597733710985,1.0
2018-03-19,178.75,179.5,165.5,166.25,83419.0,-0.07510431154381081,1.0
2018-03-20,166.5,166.5,157.2,159.85,105798.0,-0.038496240601503806,1.0
2018-03-21,164.95,164.95,154.5,158.2,94165.0,-0.010322177040975933,1.0
2018-03-22,158.45,161.2,155.0,155.8,40965.0,-0.015170670037926492,1.0
2018-03-23,155.0,161.0,149.45,155.45,77919.0,-0.002246469833119491,1.0
2018-03-26,156.0,163.05,153.0,159.45,126643.0,0.025731746542296596,1.0
2018-03-27,162.9,169.0,160.25,168.0,44544.0,0.05362182502351831,1.0
2018-03-28,168.0,168.0,159.55,162.85,34501.0,-0.030654761904761907,1.0
2018-04-02,164.8,174.1,164.3,172.0,22584.0,0.0561866748541604,1.0
2018-04-03,173.05,181.9,171.95,180.4,37922.0,0.04883720930232571,1.0
2018-04-04,181.0,200.0,170.0,171.65,707436.0,-0.048503325942350295,1.0
2018-04-05,176.0,183.5,175.15,183.0,85185.0,0.06612292455578217,1.0
2018-04-06,183.4,185.9,180.25,182.85,101111.0,-0.0008196721311475308,1.0
2018-04-09,184.0,191.0,171.2,172.3,638190.0,-0.057697566311183945,1.0
2018-04-10,173.85,178.0,172.85,175.75,73131.0,0.020023215322112486,1.0
2018-04-11,176.5,177.15,171.1,171.65,328975.0,-0.0233285917496443,1.0
2018-04-12,171.95,172.5,160.1,161.6,1077347.0,-0.05854937372560454,1.0
2018-04-13,169.75,176.4,162.0,169.95,854900.0,0.05167079207920788,1.0
2018-04-16,168.5,175.5,167.0,174.3,158086.0,0.02559576345984116,1.0
2018-04-17,175.0,181.4,171.15,172.95,360728.0,-0.0077452667814115195,1.0
2018-04-18,174.2,179.0,171.75,172.65,237257.0,-0.0017346053772765435,1.0
2018-04-19,173.7,180.4,170.5,177.75,129654.0,0.0295395308427453,1.0
2018-04-20,179.3,185.0,176.2,177.45,106883.0,-0.0016877637130802148,1.0
2018-04-23,177.65,193.5,177.65,190.45,280777.0,0.07326007326007322,1.0
2018-04-24,193.45,198.25,190.55,196.25,214371.0,0.03045418745077444,1.0
2018-04-25,195.5,200.0,187.05,194.95,218070.0,-0.006624203821656072,1.0
2018-04-26,200.0,212.4,198.1,210.55,352024.0,0.08002051808155941,1.0
2018-04-27,212.15,220.85,210.6,215.6,431823.0,0.023984801709807657,1.0
2018-04-30,216.0,228.0,213.55,224.05,305224.0,0.03919294990723565,1.0
2018-05-02,223.7,225.6,210.7,212.8,294979.0,-0.05021200624860522,1.0
2018-05-03,212.0,212.9,203.5,210.45,181471.0,-0.011043233082706827,1.0
2018-05-04,210.5,216.75,208.25,210.95,103294.0,0.002375861249703126,1.0
2018-05-07,212.4,227.7,210.9,217.9,438079.0,0.032946195780990895,1.0
2018-05-08,223.0,223.5,209.0,219.55,185400.0,0.007572280862781167,1.0
2018-05-09,217.5,217.5,211.85,213.95,68564.0,-0.025506718287406138,1.0
2018-05-10,210.05,213.4,202.85,205.0,62727.0,-0.04183220378593122,1.0
2018-05-11,205.85,210.4,204.0,206.65,39362.0,0.008048780487804885,1.0
2018-05-14,206.5,211.0,200.05,201.8,47899.0,-0.023469634647955484,1.0
2018-05-15,200.15,207.0,197.8,200.85,45613.0,-0.004707631318136896,1.0
2018-05-16,195.0,201.85,194.95,196.05,86507.0,-0.023898431665421827,1.0
2018-05-17,196.9,198.0,190.0,192.6,51182.0,-0.017597551644988663,1.0
2018-05-18,192.9,193.7,188.0,189.35,38603.0,-0.016874350986500475,1.0
2018-05-21,188.6,199.2,186.3,190.25,35239.0,0.004753102719831093,1.0
2018-05-22,190.25,194.95,190.25,193.4,21472.0,0.01655716162943488,1.0
2018-05-23,193.95,201.75,191.3,200.3,115389.0,0.035677352637021764,1.0
2018-05-24,200.05,209.65,196.9,207.75,79505.0,0.03719420868696943,1.0
2018-05-25,208.9,214.6,205.8,207.2,57625.0,-0.0026474127557160054,1.0
2018-05-28,208.6,212.0,207.2,209.95,28255.0,0.013272200772200815,1.0
2018-05-29,210.05,222.7,208.3,220.2,145640.0,0.048821147892355254,1.0
2018-05-30,219.6,222.15,215.0,219.45,75677.0,-0.0034059945504086864,1.0
2018-05-31,220.05,222.25,216.95,217.9,36425.0,-0.0070631123262701045,1.0
2018-06-01,218.3,219.45,207.55,209.85,38764.0,-0.03694355208811384,1.0
2018-06-04,208.0,210.1,195.15,196.7,68800.0,-0.06266380748153444,1.0
2018-06-05,195.2,201.5,190.0,190.95,80340.0,-0.029232333502796193,1.0
2018-06-06,191.45,210.95,190.2,206.75,73338.0,0.08274417386750454,1.0
2018-06-07,208.0,210.85,204.7,207.5,23361.0,0.0036275695284160303,1.0
2018-06-08,206.05,208.6,201.75,206.75,36911.0,-0.0036144578313253017,1.0
2018-06-11,207.8,213.55,204.65,206.15,30810.0,-0.0029020556227327132,1.0
2018-06-12,206.15,210.05,204.3,207.85,35553.0,0.008246422507882656,1.0
2018-06-13,207.9,210.55,200.1,207.25,40639.0,-0.0028866971373586736,1.0
2018-06-14,207.4,211.0,203.0,209.1,26979.0,0.008926417370325623,1.0
2018-06-15,208.3,211.9,204.15,205.45,19345.0,-0.017455762792922047,1.0
2018-06-18,204.9,208.3,199.8,203.25,48604.0,-0.010708201508882853,1.0
2018-06-19,202.95,205.0,198.0,199.5,48267.0,-0.01845018450184499,1.0
2018-06-20,198.95,204.75,195.35,203.85,15091.0,0.021804511278195493,1.0
2018-06-21,206.05,206.8,204.0,205.9,26980.0,0.010056414029923966,1.0
2018-06-22,207.45,208.5,203.45,208.1,21457.0,0.010684798445847354,1.0
2018-06-25,213.6,213.9,207.95,212.95,341774.0,0.023306102835175313,1.0
2018-06-26,214.4,218.0,209.65,215.45,360746.0,0.01173984503404557,1.0
2018-06-27,44.0,45.9,40.1,43.7,707467.0,-0.7971687166395915,1.0
2018-06-28,42.55,45.0,42.15,43.1,369462.0,-0.013729977116704872,1.0
2018-06-29,43.45,45.0,43.25,44.15,972285.0,0.024361948955916368,1.0
2018-07-02,44.35,44.35,42.2,43.4,86791.0,-0.016987542468856143,1.0
2018-07-03,43.95,45.0,42.45,44.95,1965031.0,0.03571428571428581,1.0
2018-07-04,44.6,44.9,43.35,44.5,182492.0,-0.010011123470522909,1.0
2018-07-05,44.5,44.5,41.6,42.2,232264.0,-0.051685393258426915,1.0
2018-07-06,41.7,43.8,41.05,42.5,393152.0,0.007109004739336511,1.0
2018-07-09,43.0,45.05,42.45,43.6,70649.0,0.025882352941176467,1.0
2018-07-10,44.3,44.4,42.2,43.8,170360.0,0.004587155963302614,1.0
2018-07-11,43.6,43.7,42.4,42.65,152881.0,-0.026255707762557035,1.0
2018-07-12,43.0,44.75,42.25,43.1,225242.0,0.010550996483001285,1.0
2018-07-13,42.5,43.35,41.55,42.0,152488.0,-0.025522041763341052,1.0
2018-07-16,41.95,42.4,41.05,41.3,129104.0,-0.01666666666666672,1.0
2018-07-17,40.6,44.45,40.6,43.55,288006.0,0.05447941888619856,1.0
2018-07-18,43.95,44.95,41.7,42.15,212581.0,-0.03214695752009178,1.0
2018-07-19,41.95,42.85,40.55,41.45,254130.0,-0.016607354685646447,1.0
2018-07-20,41.4,41.95,40.55,40.95,153043.0,-0.012062726176115812,1.0
2018-07-23,42.7,42.7,40.9,41.6,154826.0,0.015873015873015817,1.0
2018-07-24,41.7,41.85,39.974999999999994,41.075,339196.0,0.010414822682480618,1.0
2018-07-25,40.7,41.0,39.05,40.55,523566.0,0.004956629491945419,1.0
2018-07-26,40.55,41.0,40.05,40.4,141350.0,-0.0036991368680641123,1.0
2018-07-27,40.4,41.5,40.1,41.05,230452.0,0.016089108910890992,1.0
2018-07-30,41.05,41.4,40.0,41.0,128493.0,-0.0012180267965894442,1.0
2018-07-31,40.85,41.0,40.2,40.85,162296.0,-0.003658536585365857,1.0
2018-08-01,41.0,41.0,40.2,40.4,160784.0,-0.01101591187270512,1.0
2018-08-02,40.0,41.5,39.6,40.5,524369.0,0.0024752475247524774,1.0
2018-08-03,40.95,41.4,40.35,40.85,430143.0,0.00864197530864197,1.0
2018-08-06,41.4,41.8,40.4,41.35,301650.0,0.012239902080783294,1.0
2018-08-07,41.8,41.8,40.7,41.05,189664.0,-0.007255139056832061,1.0
2018-08-08,41.35,41.6,40.7,40.9,213218.0,-0.0036540803897685548,1.0
2018-08-09,40.9,41.1,40.55,40.65,219906.0,-0.006112469437652757,1.0
2018-08-10,40.5,41.0,40.15,40.65,137038.0,0.0,1.0
2018-08-13,40.6,41.85,40.0,40.05,1950070.0,-0.014760147601476037,1.0
2018-08-14,44.28333333333333,47.233333333333334,43.666666666666664,45.5,1988949.6666666667,0.023298303158470146,1.0
2018-08-16,47.96666666666667,52.61666666666667,47.333333333333336,50.949999999999996,2027829.3333333333,0.06135675391841633,1.0
2018-08-17,51.65,58.0,51.0,56.4,2066709.0,0.09941520467836251,1.0
2018-08-20,55.7,56.5,53.15,54.75,1258267.0,-0.0292553191489362,1.0
2018-08-21,53.7,54.8,53.0,53.05,743844.0,-0.031050228310502304,1.0
2018-08-23,53.6,54.8,52.25,53.0,753692.0,-0.0009425070688029447,1.0
2018-08-24,52.9,54.0,52.2,53.1,350333.0,0.0018867924528302993,1.0
2018-08-27,53.65,58.85,53.25,57.15,1974755.0,0.07627118644067798,1.0
2018-08-28,58.05,59.4,54.2,54.9,1346904.0,-0.03937007874015752,1.0
2018-08-29,55.3,56.2,53.3,54.25,481974.0,-0.011839708561020013,1.0
2018-08-30,54.9,56.0,54.3,55.3,442859.0,0.019354838709677358,1.0
2018-08-31,54.85,56.0,54.55,55.1,346979.0,-0.003616636528028905,1.0
2018-09-03,55.5,55.5,53.75,54.25,171172.0,-0.015426497277676976,1.0
2018-09-04,54.15,55.25,53.15,53.55,231374.0,-0.012903225806451646,1.0
2018-09-05,53.55,54.45,52.4,54.0,148021.0,0.008403361344537785,1.0
2018-09-06,54.15,54.6,52.4,52.85,637396.0,-0.021296296296296258,1.0
2018-09-07,52.4,54.5,52.3,53.2,620394.0,0.0066225165562914245,1.0
2018-09-10,53.5,54.8,53.1,53.65,230171.0,0.008458646616541277,1.0
2018-09-11,54.0,54.0,50.4,51.25,397280.0,-0.04473438956197573,1.0
2018-09-12,51.45,52.1,50.3,51.55,205677.0,0.005853658536585371,1.0
2018-09-14,52.7,54.8,52.35,53.8,268068.0,0.043646944713870095,1.0
2018-09-17,53.45,54.65,51.8,53.9,499355.0,0.0018587360594795044,1.0
2018-09-18,53.9,54.7,52.0,52.55,331597.0,-0.02504638218923938,1.0
2018-09-19,52.95,53.3,51.6,51.85,183395.0,-0.013320647002854291,1.0
2018-09-21,53.05,53.05,47.55,50.5,562381.0,-0.026036644165863043,1.0
2018-09-24,49.6,50.25,44.15,45.05,1489788.0,-0.10792079207920802,1.0
2018-09-25,46.0,48.0,43.25,45.6,329529.0,0.012208657047724891,1.0
2018-09-26,46.0,47.95,46.0,46.85,174340.0,0.027412280701754277,1.0
2018-09-27,48.05,48.3,46.45,47.2,184435.0,0.007470651013874008,1.0
2018-09-28,47.0,48.3,42.5,43.55,405621.0,-0.07733050847457634,1.0
2018-10-01,42.35,45.2,38.3,42.95,635264.0,-0.013777267508610636,1.0
2018-10-03,44.5,46.4,43.05,45.3,289986.0,0.05471478463329449,1.0
2018-10-04,43.65,45.5,43.05,43.95,148757.0,-0.02980132450331119,1.0
2018-10-05,44.0,44.4,38.55,40.65,303708.0,-0.07508532423208203,1.0
2018-10-08,40.85,42.9,40.05,42.05,311243.0,0.03444034440344401,1.0
2018-10-09,43.4,45.5,41.05,44.3,206952.0,0.053507728894173656,1.0
2018-10-10,44.3,51.9,44.3,50.3,659560.0,0.13544018058690743,1.0
2018-10-11,49.0,49.0,46.1,47.55,202321.0,-0.05467196819085485,1.0
2018-10-12,48.0,50.2,47.65,49.05,372906.0,0.03154574132492116,1.0
2018-10-15,49.9,51.0,47.3,48.15,234626.0,-0.01834862385321101,1.0
2018-10-16,48.55,54.3,48.1,52.65,493327.0,0.09345794392523366,1.0
2018-10-17,53.2,54.0,46.9,47.2,539740.0,-0.10351377018043673,1.0
2018-10-19,46.15,46.9,44.6,45.35,330663.0,-0.03919491525423735,1.0
2018-10-22,46.65,48.45,44.6,45.95,62327.0,0.013230429988974723,1.0
2018-10-23,46.0,47.5,44.05,47.0,172717.0,0.02285092491838947,1.0
2018-10-24,47.95,47.95,46.5,46.75,140829.0,-0.005319148936170248,1.0
2018-10-25,46.5,46.5,44.95,45.15,67529.0,-0.034224598930481354,1.0
2018-10-26,45.15,46.4,42.4,45.6,316211.0,0.009966777408637828,1.0
2018-10-29,45.4,48.75,45.2,47.85,225412.0,0.049342105263157965,1.0
2018-10-30,48.6,49.8,47.1,49.3,407648.0,0.030303030303030276,1.0
2018-10-31,49.3,50.65,46.1,47.7,533768.0,-0.03245436105476662,1.0
2018-11-01,48.25,51.8,46.55,48.75,659398.0,0.022012578616352085,1.0
2018-11-02,49.15,51.0,48.45,49.7,238388.0,0.019487179487179596,1.0
2018-11-05,49.7,50.0,47.25,48.0,327803.0,-0.03420523138832998,1.0
2018-11-06,48.0,51.8,46.6,50.7,451518.0,0.05625000000000013,1.0
2018-11-07,51.5,53.2,50.65,52.05,262013.0,0.026627218934911046,1.0
2018-11-09,52.4,52.9,50.55,51.7,250634.0,-0.006724303554274669,1.0
2018-11-12,52.05,52.9,49.8,50.2,274920.0,-0.029013539651837505,1.0
2018-11-13,50.0,51.85,49.8,51.5,132468.0,0.02589641434262946,1.0
2018-11-14,51.5,51.75,49.5,50.05,168277.0,-0.028155339805825297,1.0
2018-11-15,49.6,52.9,49.6,52.4,364362.0,0.04695304695304703,1.0
2018-11-16,51.6,53.1,50.35,50.7,250715.0,-0.03244274809160297,1.0
2018-11-19,50.85,54.0,50.7,53.6,306700.0,0.05719921104536496,1.0
2018-11-20,54.15,54.6,52.35,53.6,272699.0,0.0,1.0
2018-11-21,54.0,57.5,52.75,55.65,563473.0,0.03824626865671643,1.0
2018-11-22,56.55,58.0,55.75,57.0,941483.0,0.0242587601078168,1.0
2018-11-26,57.45,62.9,56.9,57.6,2244525.0,0.010526315789473717,1.0
2018-11-27,59.875,62.724999999999994,56.5,57.175,1767893.0,-0.04182383332633255,1.0
2018-11-28,62.3,62.55,56.1,56.75,1291261.0,-0.09417398244213881,1.0
2018-11-29,57.2,62.25,56.5,61.1,1632570.0,0.07665198237885473,1.0
2018-11-30,58.8,61.625,57.5,60.625,1112757.0,0.043363774564742275,1.0
2018-12-03,60.4,61.0,58.5,60.15,592944.0,0.010075566750629816,1.0
2018-12-04,59.45,60.75,58.35,58.95,250981.0,-0.01995012468827928,1.0
2018-12-05,58.0,58.85,57.3,57.85,166696.0,-0.01865988125530116,1.0
2018-12-06,57.05,59.6,56.1,57.9,295816.0,0.0008643042350906516,1.0
2018-12-07,57.9,58.5,56.5,56.8,117982.0,-0.01899827288428324,1.0
2018-12-10,56.5,57.4,54.7,56.6,233004.0,-0.0035211267605632646,1.0
2018-12-11,55.85,57.8,55.25,57.05,412462.0,0.007950530035335523,1.0
2018-12-12,58.45,60.9,56.15,60.1,671838.0,0.05346187554776516,1.0
2018-12-13,60.45,62.95,59.35,62.4,517824.0,0.038269550748752046,1.0
2018-12-14,61.3,62.3,60.65,61.15,389988.0,-0.020032051282051322,1.0
2018-12-17,61.45,63.75,61.1,62.8,316140.0,0.02698282910874905,1.0
2018-12-18,62.5,62.9,58.65,59.15,1535057.0,-0.05812101910828027,1.0
2018-12-19,59.6,62.4,59.4,62.0,898376.0,0.048182586644125225,1.0
2018-12-20,61.4,61.75,59.45,60.2,366958.0,-0.029032258064516037,1.0
2018-12-21,60.4,60.6,59.5,59.55,656828.0,-0.010797342192691128,1.0
2018-12-24,59.9,59.9,58.1,58.7,142096.0,-0.014273719563391962,1.0
2018-12-26,58.0,59.5,57.1,59.1,148245.0,0.006814310051107331,1.0
2018-12-27,59.1,60.8,58.05,58.5,708438.0,-0.010152284263959421,1.0
2018-12-28,58.1,61.5,58.05,59.7,386901.0,0.020512820512820662,1.0
2018-12-31,59.2,63.4,59.2,62.35,610193.0,0.04438860971524283,1.0
2019-01-01,63.45,64.6,62.35,64.1,616984.0,0.028067361668003166,1.0
2019-01-02,63.75,65.4,60.35,61.05,1552602.0,-0.04758190327613099,1.0
2019-01-03,60.8,61.75,56.5,57.05,1739902.0,-0.0655200655200655,1.0
2019-01-04,57.5,60.35,57.0,60.0,1111895.0,0.051709027169149824,1.0
2019-01-07,60.0,61.4,58.6,59.95,624267.0,-0.0008333333333332416,1.0
2019-01-08,59.65,59.65,56.2,57.7,2557819.0,-0.03753127606338613,1.0
2019-01-09,58.3,59.5,58.2,59.2,465859.0,0.025996533795493937,1.0
2019-01-10,59.7,59.7,56.05,56.3,880090.0,-0.048986486486486625,1.0
2019-01-11,56.3,56.95,55.65,56.55,629714.0,0.00444049733570151,1.0
2019-01-14,56.85,58.3,56.2,57.85,148318.0,0.02298850574712641,1.0
2019-01-15,58.5,58.55,57.2,57.9,184337.0,0.0008643042350906516,1.0
2019-01-16,58.7,61.95,57.5,60.7,947376.0,0.04835924006908465,1.0
2019-01-17,61.05,61.15,57.8,58.3,180663.0,-0.03953871499176287,1.0
2019-01-18,58.15,58.8,57.75,58.05,113521.0,-0.004288164665523175,1.0
2019-01-21,58.1,58.65,57.65,58.05,754076.0,0.0,1.0
2019-01-22,57.4,58.25,55.8,55.95,431973.0,-0.036175710594315125,1.0
2019-01-23,56.1,57.0,52.65,53.55,1430257.0,-0.04289544235924947,1.0
2019-01-24,52.8,55.25,52.75,54.8,185964.0,0.023342670401493848,1.0
2019-01-25,55.95,57.1,53.7,55.85,217681.0,0.019160583941606024,1.0
2019-01-28,55.3,56.95,53.75,54.3,1112070.0,-0.027752909579230156,1.0
2019-01-29,54.3,54.85,51.05,52.0,973761.0,-0.0423572744014733,1.0
2019-01-30,52.45,54.85,51.95,54.55,278662.0,0.049038461538461586,1.0
2019-01-31,54.6,55.45,54.6,55.25,259416.0,0.012832263978001857,1.0
2019-02-01,55.05,55.55,51.1,52.45,2477433.0,-0.05067873303167414,1.0
2019-02-04,52.0,54.0,50.55,52.45,207321.0,0.0,1.0
2019-02-05,52.45,54.15,52.25,52.75,166286.0,0.0057197330791229906,1.0
2019-02-06,52.7,54.0,49.6,51.1,1557411.0,-0.03127962085308056,1.0
2019-02-07,50.55,52.5,49.8,51.95,1405414.0,0.016634050880626194,1.0
2019-02-08,51.4,51.4,48.6,49.1,224561.0,-0.05486044273339752,1.0
2019-02-11,47.3,50.35,47.3,49.15,241494.0,0.0010183299389001643,1.0
2019-02-12,48.8,52.35,48.45,50.4,529446.0,0.025432349949135347,1.0
2019-02-13,51.1,53.3,48.25,48.75,1327239.0,-0.03273809523809523,1.0
2019-02-14,48.05,49.4,47.35,47.85,117929.0,-0.018461538461538418,1.0
2019-02-15,47.6,47.65,43.8,44.95,500580.0,-0.06060606060606055,1.0
2019-02-18,46.0,49.3,40.85,47.15,2310490.0,0.04894327030033363,1.0
2019-02-19,47.8,48.25,43.7,44.55,361615.0,-0.05514316012725351,1.0
2019-02-20,44.6,47.05,44.1,45.4,223566.0,0.019079685746352437,1.0
2019-02-21,46.3,47.3,45.1,45.55,119655.0,0.0033039647577091102,1.0
2019-02-22,45.1,47.85,44.55,46.15,164165.0,0.01317233809001106,1.0
2019-02-25,47.0,47.8,45.25,47.5,309834.0,0.02925243770314201,1.0
2019-02-26,47.5,48.6,45.25,48.05,185073.0,0.011578947368420911,1.0
2019-02-27,48.9,49.35,45.1,45.85,173640.0,-0.04578563995837659,1.0
2019-02-28,46.5,47.5,43.7,44.75,501130.0,-0.02399127589967287,1.0
2019-03-01,44.25,46.1,43.75,44.95,441009.0,0.004469273743016755,1.0
2019-03-05,44.45,48.45,44.35,47.5,466631.0,0.05672969966629582,1.0
2019-03-06,48.85,49.35,45.6,46.25,461034.0,-0.02631578947368418,1.0
2019-03-07,46.2,47.2,45.75,46.05,190623.0,-0.004324324324324391,1.0
2019-03-08,45.25,46.75,45.25,45.85,210534.0,-0.004343105320303908,1.0
2019-03-11,46.0,49.5,46.0,47.25,436610.0,0.03053435114503822,1.0
2019-03-12,47.85,53.0,47.7,51.65,1013012.0,0.09312169312169316,1.0
2019-03-13,51.7,51.7,46.6,46.9,1302164.0,-0.09196515004840267,1.0
2019-03-14,47.0,49.35,47.0,48.85,399495.0,0.041577825159914816,1.0
2019-03-15,48.6,52.6,47.3,48.15,1603359.0,-0.014329580348004134,1.0
2019-03-18,48.55,49.75,47.55,48.55,225574.0,0.008307372793354029,1.0
2019-03-19,48.9,50.55,47.65,49.55,276796.0,0.02059732234809486,1.0
2019-03-20,49.55,50.45,47.4,47.85,245335.0,-0.034308779011099855,1.0
2019-03-22,48.2,49.3,47.5,48.45,112895.0,0.012539184952978122,1.0
2019-03-25,48.25,48.35,46.5,46.7,154317.0,-0.03611971104231171,1.0
2019-03-26,47.0,48.4,46.8,47.05,316313.0,0.007494646680942019,1.0
2019-03-27,47.65,47.7,46.4,47.1,289842.0,0.0010626992561106885,1.0
2019-03-28,47.8,47.95,46.65,46.8,386992.0,-0.006369426751592466,1.0
2019-03-29,46.85,54.95,46.8,52.95,1452566.0,0.1314102564102566,1.0
2019-04-01,52.45,56.35,52.45,54.45,579447.0,0.028328611898017053,1.0
2019-04-02,54.3,57.5,54.0,55.1,728564.0,0.011937557392102782,1.0
2019-04-03,55.45,58.2,54.2,55.4,863456.0,0.005444646098003547,1.0
2019-04-04,55.85,57.25,52.2,53.15,481454.0,-0.04061371841155237,1.0
2019-04-05,53.4,55.65,53.35,55.15,362656.0,0.03762935089369712,1.0
2019-04-08,55.5,57.1,53.85,54.1,303509.0,-0.01903898458748865,1.0
2019-04-09,54.35,55.5,53.35,53.95,179302.0,-0.0027726432532346745,1.0
2019-04-10,53.95,54.25,51.25,52.05,356654.0,-0.035217794253938894,1.0
2019-04-11,52.2,52.9,51.9,52.3,117894.0,0.004803073967339033,1.0
2019-04-12,52.6,52.6,51.6,52.0,76408.0,-0.005736137667303964,1.0
2019-04-15,52.35,54.6,51.15,51.9,409083.0,-0.0019230769230769162,1.0
2019-04-16,52.1,52.7,50.0,50.15,418114.0,-0.033718689788053924,1.0
2019-04-18,50.15,52.6,48.95,50.75,375567.0,0.011964107676969205,1.0
2019-04-22,50.95,52.3,49.75,51.95,533002.0,0.02364532019704435,1.0
2019-04-23,52.3,53.0,50.0,50.15,464639.0,-0.03464870067372483,1.0
2019-04-24,50.5,52.2,49.55,50.75,387765.0,0.011964107676969205,1.0
2019-04-25,50.9,51.8,49.75,50.1,267757.0,-0.012807881773398977,1.0
2019-04-26,50.5,50.65,48.7,48.9,371355.0,-0.02395209580838331,1.0
2019-04-30,49.25,51.5,48.1,49.15,1349286.0,0.005112474437627856,1.0
2019-05-02,49.5,51.6,48.05,49.0,630981.0,-0.003051881993896166,1.0
2019-05-03,49.0,49.45,48.0,48.05,158140.0,-0.019387755102040827,1.0
2019-05-06,47.0,48.25,46.5,47.1,438551.0,-0.019771071800207984,1.0
2019-05-07,47.6,47.75,37.8,38.7,1481248.0,-0.17834394904458595,1.0
2019-05-08,38.0,41.9,36.55,39.4,1143252.0,0.018087855297157507,1.0
2019-05-09,40.5,40.5,37.6,38.7,737418.0,-0.01776649746192882,1.0
2019-05-10,39.0,40.5,38.8,40.15,297641.0,0.03746770025839785,1.0
2019-05-13,40.25,40.95,39.0,39.35,223873.0,-0.01992528019925277,1.0
2019-05-14,39.85,39.9,38.05,38.6,408831.0,-0.019059720457433316,1.0
2019-05-15,38.75,41.4,38.5,38.95,331245.0,0.0090673575129534,1.0
2019-05-16,39.45,39.45,38.0,38.45,93510.0,-0.012836970474967901,1.0
2019-05-17,38.7,40.1,37.35,39.75,299201.0,0.033810143042912744,1.0
2019-05-20,41.4,42.35,40.0,41.65,829972.0,0.04779874213836477,1.0
2019-05-21,41.2,42.35,40.5,40.8,214732.0,-0.020408163265306145,1.0
2019-05-22,40.45,42.3,40.4,41.9,154001.0,0.026960784313725616,1.0
2019-05-23,41.95,43.7,41.05,42.0,772019.0,0.0023866348448686736,1.0
2019-05-24,42.0,43.45,42.0,43.05,456752.0,0.02499999999999991,1.0
2019-05-27,43.7,44.2,42.4,43.95,538665.0,0.020905923344947785,1.0
2019-05-28,43.95,45.15,43.4,44.05,654499.0,0.0022753128555175195,1.0
2019-05-29,44.4,44.8,42.8,43.9,652897.0,-0.0034052213393870323,1.0
2019-05-30,44.55,45.3,43.8,44.4,589994.0,0.011389521640091216,1.0
2019-05-31,44.5,44.5,42.8,43.6,880663.0,-0.018018018018017945,1.0
2019-06-03,43.5,43.6,41.6,42.15,301213.0,-0.03325688073394506,1.0
2019-06-04,42.5,42.9,41.8,42.2,131847.0,0.0011862396204034287,1.0
2019-06-06,42.25,42.6,40.6,40.9,871981.0,-0.03080568720379162,1.0
2019-06-07,40.65,41.7,40.3,41.1,580514.0,0.004889975550122383,1.0
2019-06-10,41.05,41.2,39.5,40.0,151444.0,-0.02676399026763998,1.0
2019-06-11,39.85,42.35,39.2,41.25,177921.0,0.03125,1.0
2019-06-12,41.8,42.0,40.25,40.4,138575.0,-0.020606060606060628,1.0
2019-06-13,40.65,40.9,39.7,40.05,73851.0,-0.008663366336633671,1.0
2019-06-14,40.05,40.5,39.5,40.0,49730.0,-0.0012484394506865337,1.0
2019-06-17,39.35,40.0,39.35,39.75,48542.0,-0.006249999999999978,1.0
2019-06-18,39.75,39.8,37.75,38.1,245450.0,-0.04150943396226414,1.0
2019-06-19,39.0,39.3,36.25,36.7,82505.0,-0.03674540682414695,1.0
2019-06-20,36.8,39.8,36.7,39.35,165183.0,0.07220708446866486,1.0
2019-06-21,40.3,40.3,37.5,39.45,123027.0,0.0025412960609911828,1.0
2019-06-24,39.75,39.75,38.1,38.55,702171.0,-0.02281368821292795,1.0
2019-06-25,38.0,38.5,37.55,38.1,923960.0,-0.01167315175097261,1.0
2019-06-26,37.6,38.5,36.9,37.75,762533.0,-0.009186351706036766,1.0
2019-06-27,37.75,38.1,37.5,37.7,66233.0,-0.0013245033112582183,1.0
2019-06-28,38.25,38.3,37.5,37.55,68375.0,-0.003978779840848934,1.0
2019-07-01,37.5,38.25,33.5,37.8,1323883.0,0.0066577896138482195,1.0
2019-07-02,38.2,40.8,37.65,40.2,394892.0,0.06349206349206371,1.0
2019-07-03,40.4,40.4,39.25,39.9,1055916.0,-0.007462686567164312,1.0
2019-07-04,40.2,41.4,39.7,40.25,747010.0,0.00877192982456143,1.0
2019-07-05,40.15,40.65,38.75,39.6,1094499.0,-0.016149068322981353,1.0
2019-07-08,39.1,39.1,36.55,36.95,784346.0,-0.06691919191919193,1.0
2019-07-09,37.05,37.05,36.05,36.55,580665.0,-0.010825439783491375,1.0
2019-07-10,36.3,37.5,36.25,37.1,496916.0,0.015047879616963078,1.0
2019-07-11,37.1,38.0,34.95,37.65,1025965.0,0.014824797843665749,1.0
2019-07-12,37.65,38.3,37.0,37.1,151525.0,-0.014608233731739584,1.0
2019-07-15,37.6,37.95,36.55,37.0,475968.0,-0.0026954177897574594,1.0
2019-07-16,37.0,44.4,36.65,44.2,1881478.0,0.1945945945945946,1.0
2019-07-17,43.5,51.0,42.5,47.45,2029951.0,0.07352941176470584,1.0
2019-07-18,47.0,51.8,46.1,48.55,1268784.0,0.023182297154899834,1.0
2019-07-19,47.6,49.5,47.15,48.75,423136.0,0.004119464469618972,1.0
2019-07-22,50.5,51.4,47.3,51.0,574432.0,0.04615384615384621,1.0
2019-07-23,50.15,51.35,49.1,51.0,367433.0,0.0,1.0
2019-07-24,50.9,51.2,50.25,50.85,328597.0,-0.002941176470588225,1.0
2019-07-25,50.5,51.9,46.5,47.3,710753.0,-0.0698131760078664,1.0
2019-07-26,47.3,48.3,46.5,47.45,159475.0,0.003171247357294016,1.0
2019-07-29,46.25,47.8,45.0,45.9,83107.0,-0.03266596417281353,1.0
2019-07-30,45.65,46.4,41.75,42.35,190562.0,-0.07734204793028321,1.0
2019-07-31,41.5,44.8,40.7,42.65,107684.0,0.007083825265643329,1.0
2019-08-01,42.35,43.25,41.1,41.9,245137.0,-0.017584994138335253,1.0
2019-08-02,41.05,41.85,40.5,41.05,188303.0,-0.02028639618138428,1.0
2019-08-05,40.95,40.95,36.65,37.6,581473.0,-0.08404384896467709,1.0
2019-08-06,37.05,41.4,37.05,40.1,561461.0,0.0664893617021276,1.0
2019-08-07,40.75,41.35,37.4,39.4,376978.0,-0.017456359102244412,1.0
2019-08-08,38.65,40.4,36.65,38.7,139113.0,-0.01776649746192882,1.0
2019-08-09,39.8,40.3,37.7,38.25,73895.0,-0.011627906976744207,1.0
2019-08-13,38.45,39.35,36.65,37.65,361178.0,-0.015686274509803977,1.0
2019-08-14,38.05,39.0,37.55,38.45,170004.0,0.021248339973439778,1.0
2019-08-16,38.65,41.9,37.6,37.85,63684.0,-0.015604681404421394,1.0
2019-08-19,38.4,38.4,37.0,37.2,31244.0,-0.017173051519154492,1.0
2019-08-20,37.4,37.5,36.7,37.05,186033.0,-0.0040322580645162365,1.0
2019-08-21,37.6,37.7,36.8,37.2,107252.0,0.004048582995951566,1.0
2019-08-22,38.0,38.0,36.1,36.5,50411.0,-0.018817204301075363,1.0
2019-08-23,36.4,37.4,36.1,37.15,30461.0,0.017808219178082174,1.0
2019-08-26,37.9,37.9,36.85,37.45,33815.0,0.008075370121130687,1.0
2019-08-27,38.0,39.05,37.3,38.25,727492.0,0.02136181575433893,1.0
2019-08-28,38.7,38.7,37.0,37.15,56768.0,-0.02875816993464053,1.0
2019-08-29,37.25,37.55,35.15,35.8,105910.0,-0.03633916554508754,1.0
2019-08-30,35.55,37.0,35.55,36.1,64247.0,0.008379888268156499,1.0
2019-09-03,36.95,36.95,35.75,36.35,54162.0,0.006925207756232732,1.0
2019-09-04,35.6,38.15,35.55,37.95,121082.0,0.044016506189821225,1.0
2019-09-05,38.45,39.5,37.85,39.4,307932.0,0.03820816864295118,1.0
2019-09-06,39.45,40.4,39.3,40.05,339463.0,0.016497461928933976,1.0
2019-09-09,41.5,41.5,39.75,40.65,425656.0,0.014981273408239737,1.0
2019-09-11,41.3,43.8,40.65,42.05,638503.0,0.03444034440344401,1.0
2019-09-12,42.45,43.4,40.6,41.5,81207.0,-0.013079667063020106,1.0
2019-09-13,40.95,42.35,39.7,40.15,372411.0,-0.032530120481927716,1.0
2019-09-16,39.6,40.75,39.3,40.0,264525.0,-0.0037359900373599153,1.0
2019-09-17,40.7,40.7,38.6,38.8,98946.0,-0.030000000000000027,1.0
2019-09-18,39.45,39.6,38.2,38.65,121704.0,-0.0038659793814432852,1.0
2019-09-19,38.55,39.7,37.7,38.25,256192.0,-0.010349288486416475,1.0
2019-09-20,38.15,41.0,37.9,38.8,917693.0,0.01437908496732021,1.0
2019-09-23,39.25,40.75,38.8,39.2,582898.0,0.01030927835051565,1.0
2019-09-24,39.6,40.15,38.25,38.55,191455.0,-0.01658163265306134,1.0
2019-09-25,38.85,39.0,37.7,38.05,225398.0,-0.012970168612191912,1.0
2019-09-26,37.95,38.4,37.3,38.05,282629.0,0.0,1.0
2019-09-27,38.45,38.45,36.85,37.0,269115.0,-0.02759526938239154,1.0
2019-09-30,37.45,37.7,36.2,36.5,659573.0,-0.013513513513513487,1.0
2019-10-01,37.05,37.25,35.25,35.95,583257.0,-0.015068493150684814,1.0
2019-10-03,37.4,37.4,35.75,36.15,60972.0,0.0055632823365785455,1.0
2019-10-04,36.65,36.8,35.1,35.5,66439.0,-0.017980636237897585,1.0
2019-10-07,36.7,36.7,31.95,34.75,448086.0,-0.021126760563380254,1.0
2019-10-09,34.75,38.05,34.5,37.3,182210.0,0.07338129496402868,1.0
2019-10-10,37.25,37.55,36.2,36.5,45189.0,-0.021447721179624568,1.0
2019-10-11,37.35,37.5,35.5,36.0,21722.0,-0.013698630136986356,1.0
2019-10-14,36.0,37.0,35.6,35.9,251617.0,-0.002777777777777768,1.0
2019-10-15,36.2,36.3,33.0,35.3,137304.0,-0.016713091922005652,1.0
2019-10-16,35.55,36.0,34.75,35.15,82397.0,-0.004249291784702458,1.0
2019-10-17,35.2,35.8,35.0,35.35,38659.0,0.005689900426742556,1.0
2019-10-18,35.25,37.9,35.0,37.65,229627.0,0.06506364922206509,1.0
2019-10-22,38.9,38.9,36.6,37.25,95192.0,-0.010624169986719778,1.0
2019-10-23,37.0,38.5,35.6,37.25,43965.0,0.0,1.0
2019-10-24,37.85,37.85,36.1,36.65,21839.0,-0.016107382550335614,1.0
2019-10-25,36.6,36.8,35.2,35.55,40337.0,-0.030013642564802212,1.0
2019-10-27,36.3,37.5,35.7,36.15,46098.0,0.016877637130801704,1.0
2019-10-29,36.0,37.2,35.1,36.4,70977.0,0.006915629322268302,1.0
2019-10-30,36.55,39.25,35.35,38.35,265909.0,0.0535714285714286,1.0
2019-10-31,38.6,38.8,37.25,38.1,140493.0,-0.006518904823989535,1.0
2019-11-01,38.45,40.0,37.7,39.55,310075.0,0.038057742782152015,1.0
2019-11-04,39.95,40.0,38.3,39.5,155452.0,-0.0012642225031604948,1.0
2019-11-05,39.0,40.0,38.5,39.15,230522.0,-0.008860759493670933,1.0
2019-11-06,39.25,40.0,38.2,38.35,137971.0,-0.02043422733077893,1.0
2019-11-07,38.8,39.4,38.0,38.05,110578.0,-0.007822685788787642,1.0
2019-11-08,37.4,39.8,37.4,39.15,211735.0,0.02890932982917227,1.0
2019-11-11,37.6,40.25,37.6,39.95,210912.0,0.020434227330779153,1.0
2019-11-13,41.0,41.0,37.6,37.85,101182.0,-0.052565707133917394,1.0
2019-11-14,37.6,37.6,36.3,36.65,51266.0,-0.031704095112285446,1.0
2019-11-15,37.6,39.75,36.4,37.0,228218.0,0.009549795361528002,1.0
2019-11-18,37.8,37.8,36.1,37.3,429550.0,0.008108108108108025,1.0
2019-11-19,37.6,37.85,36.5,36.75,82083.0,-0.014745308310991856,1.0
2019-11-20,36.1,37.15,36.1,36.5,17115.0,-0.006802721088435382,1.0
2019-11-21,36.8,37.35,36.45,36.5,36585.0,0.0,1.0
2019-11-22,36.5,37.0,36.0,36.35,152585.0,-0.004109589041095818,1.0
2019-11-25,36.35,36.5,36.05,36.4,272921.0,0.0013755158184318717,1.0
2019-11-26,35.5,36.7,35.5,36.05,138953.0,-0.009615384615384692,1.0
2019-11-27,36.4,36.4,35.6,35.95,45013.0,-0.002773925104022079,1.0
2019-11-28,36.25,37.8,35.2,36.1,210555.0,0.004172461752433909,1.0
2019-11-29,37.0,37.5,35.4,36.0,132446.0,-0.0027700831024931594,1.0
2019-12-02,35.2,37.0,35.2,36.2,44786.0,0.005555555555555536,1.0
2019-12-03,36.05,36.65,35.4,36.0,201326.0,-0.005524861878453136,1.0
2019-12-04,36.4,36.4,34.8,35.95,76007.0,-0.001388888888888773,1.0
2019-12-05,35.9,35.9,35.05,35.4,16406.0,-0.015299026425591222,1.0
2019-12-06,35.7,36.0,34.9,35.2,38154.0,-0.005649717514124131,1.0
2019-12-09,34.6,35.9,34.4,35.1,51471.0,-0.0028409090909091717,1.0
2019-12-10,35.1,37.5,34.5,36.25,167951.0,0.03276353276353272,1.0
2019-12-11,37.2,37.2,35.5,36.15,102366.0,-0.0027586206896552667,1.0
2019-12-12,36.05,36.3,35.05,35.1,27116.0,-0.029045643153526868,1.0
2019-12-13,35.75,36.0,32.45,34.45,190211.0,-0.01851851851851849,1.0
2019-12-16,34.0,36.05,33.25,35.95,287105.0,0.04354136429608135,1.0
2019-12-17,36.3,36.95,35.5,36.55,180306.0,0.016689847009735637,1.0
2019-12-18,36.85,37.25,35.5,36.95,239855.0,0.010943912448700521,1.0
2019-12-19,37.2,37.25,36.05,37.0,138003.0,0.0013531799729362692,1.0
2019-12-20,36.35,37.5,36.2,37.05,101796.0,0.0013513513513512265,1.0
2019-12-23,36.5,37.35,36.5,37.0,176942.0,-0.0013495276653170407,1.0
2019-12-24,37.15,37.4,36.5,37.1,181092.0,0.002702702702702675,1.0
2019-12-26,37.85,37.85,36.5,36.85,30853.0,-0.006738544474393482,1.0
2019-12-27,37.25,37.6,35.85,37.35,151324.0,0.013568521031207537,1.0
2019-12-30,37.4,38.4,36.9,38.05,230190.0,0.018741633199464314,1.0
2019-12-31,37.7,39.5,37.1,39.1,699350.0,0.027595269382391763,1.0
2020-01-01,39.6,40.95,38.1,40.5,334214.0,0.03580562659846542,1.0
2020-01-02,40.9,41.0,40.1,40.45,169485.0,-0.0012345679012345512,1.0
2020-01-03,40.45,42.95,38.7,39.95,805444.0,-0.012360939431396822,1.0
2020-01-06,38.5,39.9,38.5,39.4,96037.0,-0.013767209011264159,1.0
2020-01-07,39.25,41.2,39.2,39.8,419215.0,0.010152284263959421,1.0
2020-01-08,39.0,39.7,38.5,39.55,162135.0,-0.006281407035175879,1.0
2020-01-09,39.8,41.3,39.75,40.55,286510.0,0.025284450063211228,1.0
2020-01-10,40.5,41.6,40.05,40.8,824531.0,0.006165228113440113,1.0
2020-01-13,41.2,41.35,40.3,40.55,71568.0,-0.006127450980392135,1.0
2020-01-14,40.55,41.8,40.15,41.05,1368442.0,0.012330456226880449,1.0
2020-01-15,41.25,41.75,40.65,41.0,196324.0,-0.0012180267965894442,1.0
2020-01-16,41.85,41.85,40.45,40.95,501070.0,-0.0012195121951218413,1.0
2020-01-17,41.05,41.5,40.25,41.25,164825.0,0.0073260073260073,1.0
2020-01-20,41.15,41.15,40.0,40.4,94246.0,-0.020606060606060628,1.0
2020-01-21,40.35,40.4,39.0,39.75,132377.0,-0.016089108910891103,1.0
2020-01-22,39.8,40.0,38.8,39.15,83498.0,-0.015094339622641506,1.0
2020-01-23,39.3,41.9,38.9,40.05,118504.0,0.02298850574712641,1.0
2020-01-24,39.95,40.95,39.1,40.2,293282.0,0.0037453183520601563,1.0
2020-01-27,39.7,39.8,38.85,39.05,46300.0,-0.02860696517412953,1.0
2020-01-28,39.65,39.85,38.25,39.15,214232.0,0.00256081946222797,1.0
2020-01-29,39.0,39.05,38.5,38.75,34083.0,-0.010217113665389466,1.0
2020-01-30,38.45,40.2,37.75,39.7,226533.0,0.024516129032258194,1.0
2020-01-31,39.7,40.0,39.0,39.5,59970.0,-0.005037783375314908,1.0
2020-02-01,39.6,40.5,38.2,39.55,136824.0,0.0012658227848101333,1.0
2020-02-03,39.25,40.6,38.5,39.8,231653.0,0.006321112515802696,1.0
2020-02-04,39.55,40.6,39.1,39.8,65661.0,0.0,1.0
2020-02-05,39.8,40.5,38.1,39.3,176467.0,-0.012562814070351758,1.0
2020-02-06,39.5,39.9,38.55,38.95,51045.0,-0.008905852417302684,1.0
2020-02-07,38.8,39.85,38.8,39.25,37789.0,0.007702182284980763,1.0
2020-02-10,39.3,39.55,38.7,39.15,52709.0,-0.002547770700636942,1.0
2020-02-11,39.0,41.55,38.85,39.75,1275709.0,0.01532567049808442,1.0
2020-02-12,39.3,40.2,39.3,39.95,158010.0,0.005031446540880502,1.0
2020-02-13,39.6,40.0,38.9,39.45,147635.0,-0.01251564455569465,1.0
2020-02-14,39.4,39.9,39.0,39.5,111466.0,0.0012674271229402567,1.0
2020-02-17,39.05,43.5,39.05,39.7,218362.0,0.005063291139240533,1.0
2020-02-18,39.9,40.45,38.2,40.0,266199.0,0.007556675062972307,1.0
2020-02-19,40.2,40.75,39.45,39.85,526042.0,-0.00374999999999992,1.0
2020-02-20,39.85,40.1,38.7,39.5,165666.0,-0.008782936010037656,1.0
2020-02-24,39.4,39.95,38.3,38.75,69249.0,-0.01898734177215189,1.0
2020-02-25,38.35,40.0,38.15,39.0,429616.0,0.006451612903225712,1.0
2020-02-26,38.3,38.85,37.7,38.0,96305.0,-0.02564102564102566,1.0
2020-02-27,37.9,37.9,36.25,37.1,373092.0,-0.023684210526315752,1.0
2020-02-28,36.5,36.5,34.45,34.95,412618.0,-0.05795148247978432,1.0
2020-03-02,35.3,36.75,33.9,35.1,111152.0,0.0042918454935620964,1.0
2020-03-03,35.15,36.3,33.95,34.55,241469.0,-0.0156695156695158,1.0
2020-03-04,34.45,35.8,33.2,34.8,98159.0,0.00723589001447178,1.0
2020-03-05,35.0,36.9,34.45,35.05,161730.0,0.007183908045977017,1.0
2020-03-06,34.0,34.4,32.95,33.95,466789.0,-0.03138373751783152,1.0
2020-03-09,33.1,33.9,30.35,33.5,522909.0,-0.013254786450662803,1.0
2020-03-11,33.05,34.5,32.65,33.8,212982.0,0.008955223880596996,1.0
2020-03-12,30.8,33.0,27.05,27.05,949253.0,-0.19970414201183428,1.0
2020-03-13,23.6,29.7,21.65,28.25,743277.0,0.0443622920517559,1.0
2020-03-16,27.8,28.15,25.0,25.6,296472.0,-0.09380530973451318,1.0
2020-03-17,24.5,25.85,22.85,23.95,290235.0,-0.06445312500000011,1.0
2020-03-18,24.0,26.5,22.1,22.65,250612.0,-0.05427974947807934,1.0
2020-03-19,22.65,22.65,18.95,21.1,364646.0,-0.06843267108167761,1.0
2020-03-20,21.7,23.05,20.0,20.6,345800.0,-0.023696682464455,1.0
2020-03-23,18.95,19.5,18.55,18.55,108736.0,-0.09951456310679618,1.0
2020-03-24,20.25,20.25,16.7,16.7,205385.0,-0.09973045822102433,1.0
2020-03-25,16.7,18.35,15.05,17.3,724971.0,0.03592814371257491,1.0
2020-03-26,18.7,18.95,15.65,18.2,178387.0,0.052023121387283044,1.0
2020-03-27,19.3,19.6,18.05,18.45,103727.0,0.013736263736263687,1.0
2020-03-30,18.4,19.6,16.8,18.85,139806.0,0.02168021680216814,1.0
2020-03-31,19.0,19.5,17.35,17.85,87024.0,-0.053050397877984046,1.0
2020-04-01,18.0,19.1,17.0,18.65,257940.0,0.04481792717086819,1.0
2020-04-03,20.4,20.5,17.65,20.5,343510.0,0.09919571045576414,1.0
2020-04-07,21.5,22.55,21.45,22.55,63926.0,0.10000000000000009,1.0
2020-04-08,24.75,24.8,23.9,24.8,48539.0,0.0997782705099779,1.0
2020-04-09,26.0,26.0,26.0,26.0,10380.0,0.048387096774193505,1.0
2020-04-13,27.3,27.3,26.2,26.8,206550.0,0.030769230769230882,1.0
2020-04-15,25.55,28.1,25.55,27.9,258380.0,0.041044776119402826,1.0
2020-04-16,26.6,29.25,26.6,29.25,34449.0,0.048387096774193505,1.0
2020-04-17,30.65,30.7,28.25,30.7,130944.0,0.04957264957264962,1.0
2020-04-20,32.2,32.2,31.3,32.2,94957.0,0.04885993485342022,1.0
2020-04-21,33.4,33.4,30.6,30.6,72927.0,-0.049689440993788914,1.0
2020-04-22,30.0,32.1,29.1,32.1,146705.0,0.0490196078431373,1.0
2020-04-23,33.05,33.7,32.55,33.7,41870.0,0.049844236760124616,1.0
2020-04-24,34.65,35.3,32.1,34.9,96725.0,0.035608308605341144,1.0
2020-04-27,35.25,36.6,34.5,36.3,222841.0,0.04011461318051568,1.0
2020-04-28,36.3,36.95,34.7,35.0,108858.0,-0.03581267217630846,1.0
2020-04-29,34.4,35.35,33.3,35.0,182824.0,0.0,1.0
2020-04-30,36.4,36.4,33.75,34.0,69496.0,-0.02857142857142858,1.0
2020-05-04,34.0,34.0,32.3,32.3,20519.0,-0.050000000000000044,1.0
2020-05-05,31.1,33.4,30.7,30.8,617495.0,-0.046439628482972006,1.0
2020-05-06,30.9,30.9,29.3,29.4,96000.0,-0.045454545454545525,1.0
2020-05-07,29.4,29.5,28.0,29.1,64321.0,-0.010204081632652962,1.0
2020-05-08,29.95,30.45,29.8,30.05,72477.0,0.03264604810996552,1.0
2020-05-11,29.0,31.2,28.7,28.95,42747.0,-0.03660565723793685,1.0
2020-05-12,28.9,28.9,27.65,27.75,8421.0,-0.041450777202072464,1.0
2020-05-13,29.05,29.1,27.8,28.5,29702.0,0.027027027027026973,1.0
2020-05-14,28.45,28.9,27.1,27.25,38846.0,-0.04385964912280704,1.0
2020-05-15,27.5,28.1,26.15,27.35,29643.0,0.003669724770642313,1.0
2020-05-18,27.8,27.8,26.85,27.3,120014.0,-0.001828153564899515,1.0
2020-05-19,27.75,27.75,26.5,26.8,16427.0,-0.01831501831501836,1.0
2020-05-20,26.5,26.85,26.4,26.55,10451.0,-0.009328358208955279,1.0
2020-05-21,27.45,27.45,26.15,26.35,25213.0,-0.007532956685499026,1.0
2020-05-22,26.45,27.0,25.85,26.0,12198.0,-0.013282732447817858,1.0
2020-05-26,26.95,27.3,24.7,27.0,90692.0,0.03846153846153855,1.0
2020-05-27,28.0,28.35,26.2,28.3,63692.0,0.04814814814814827,1.0
2020-05-28,29.1,29.7,28.35,29.15,92695.0,0.030035335689045928,1.0
2020-05-29,29.8,29.85,28.2,28.85,64380.0,-0.010291595197255532,1.0
2020-06-01,28.85,29.85,28.6,29.2,41693.0,0.0121317157712304,1.0
2020-06-02,29.8,30.3,28.6,30.15,128544.0,0.03253424657534243,1.0
2020-06-03,30.2,31.0,30.2,30.6,92828.0,0.014925373134328401,1.0
2020-06-04,30.75,30.9,29.9,30.25,66367.0,-0.011437908496732097,1.0
2020-06-05,31.85,36.25,30.0,30.6,911172.0,0.011570247933884392,1.0
2020-06-08,31.9,32.0,27.55,28.0,763341.0,-0.08496732026143794,1.0
2020-06-09,28.0,29.9,26.9,27.35,359973.0,-0.023214285714285632,1.0
2020-06-10,27.0,28.4,26.8,27.4,242257.0,0.001828153564899404,1.0
2020-06-11,27.1,28.1,26.85,27.8,96975.0,0.014598540145985384,1.0
2020-06-12,25.25,29.6,25.25,28.4,119122.0,0.021582733812949506,1.0
2020-06-15,28.35,28.35,26.75,27.0,326220.0,-0.04929577464788726,1.0
2020-06-16,27.75,28.5,26.55,27.05,369561.0,0.0018518518518517713,1.0
2020-06-17,27.85,28.6,26.7,28.2,204911.0,0.042513863216266046,1.0
2020-06-18,28.95,29.45,27.25,29.15,207598.0,0.03368794326241131,1.0
2020-06-19,28.25,33.25,28.25,30.0,1109206.0,0.029159519725557415,1.0
2020-06-22,30.3,31.8,27.7,28.25,2015643.0,-0.05833333333333335,1.0
2020-06-23,28.7,29.0,28.0,28.4,439944.0,0.005309734513274211,1.0
2020-06-24,28.85,28.85,26.55,26.9,525296.0,-0.052816901408450745,1.0
2020-06-25,26.8,27.7,25.9,26.0,962743.0,-0.03345724907063197,1.0
2020-06-26,26.9,26.95,25.55,25.75,253051.0,-0.009615384615384581,1.0
2020-06-29,25.8,26.3,25.35,25.55,221547.0,-0.007766990291262155,1.0
2020-06-30,25.9,29.9,25.5,29.1,1074045.0,0.13894324853228968,1.0
2020-07-01,28.7,29.2,26.75,27.05,556997.0,-0.07044673539518898,1.0
2020-07-02,27.25,27.6,26.35,26.85,291456.0,-0.007393715341959317,1.0
2020-07-03,26.55,27.05,26.0,26.15,308723.0,-0.026070763500931182,1.0
2020-07-06,26.65,26.9,25.5,25.8,397738.0,-0.01338432122370925,1.0
2020-07-07,26.15,26.35,25.25,25.5,1517755.0,-0.011627906976744207,1.0
2020-07-08,25.9,25.9,25.45,25.65,184595.0,0.00588235294117645,1.0
2020-07-09,25.5,25.8,24.5,25.0,351853.0,-0.025341130604288442,1.0
2020-07-10,25.0,25.35,24.45,24.95,153289.0,-0.0020000000000000018,1.0
2020-07-13,24.95,28.15,24.95,26.25,448054.0,0.05210420841683372,1.0
2020-07-14,26.05,26.3,25.1,25.25,136494.0,-0.03809523809523807,1.0
2020-07-15,25.25,26.0,24.35,24.5,202329.0,-0.02970297029702973,1.0
2020-07-16,25.25,26.4,24.7,25.7,222772.0,0.048979591836734615,1.0
2020-07-17,25.7,26.05,25.0,25.05,104504.0,-0.02529182879377423,1.0
2020-07-20,25.25,25.6,24.85,24.9,54335.0,-0.005988023952095856,1.0
2020-07-21,25.7,25.7,24.9,25.0,40854.0,0.004016064257028162,1.0
2020-07-22,25.6,25.6,24.3,24.55,155256.0,-0.018000000000000016,1.0
2020-07-23,24.9,25.05,24.45,24.55,111011.0,0.0,1.0
2020-07-24,24.5,26.3,24.15,25.55,297359.0,0.04073319755600813,1.0
2020-07-27,25.55,26.5,24.65,25.05,175887.0,-0.019569471624266144,1.0
2020-07-28,25.05,25.55,24.25,25.3,144345.0,0.009980039920159722,1.0
2020-07-29,25.05,25.85,24.5,24.9,137464.0,-0.015810276679842028,1.0
2020-07-30,24.5,25.35,24.25,24.7,229077.0,-0.008032128514056214,1.0
2020-07-31,24.55,26.85,23.5,26.45,518070.0,0.07085020242914974,1.0
2020-08-03,25.8,26.3,24.65,25.1,167102.0,-0.051039697542533013,1.0
2020-08-04,25.3,25.6,24.7,25.15,511456.0,0.0019920318725097363,1.0
2020-08-05,25.25,25.35,24.6,24.9,137558.0,-0.00994035785288272,1.0
2020-08-06,25.15,25.85,24.0,25.55,259339.0,0.026104417670682833,1.0
2020-08-07,25.45,25.5,24.95,25.5,457134.0,-0.00195694716242667,1.0
2020-08-10,25.65,25.85,25.0,25.1,94513.0,-0.015686274509803866,1.0
2020-08-11,25.2,26.2,25.0,25.85,141729.0,0.029880478087649376,1.0
2020-08-12,25.95,26.1,25.1,25.95,334126.0,0.003868471953578201,1.0
2020-08-13,25.95,26.25,25.25,25.55,144615.0,-0.015414258188824581,1.0
2020-08-14,25.4,25.95,24.9,25.5,233307.0,-0.00195694716242667,1.0
2020-08-17,25.5,25.7,25.1,25.2,135474.0,-0.01176470588235301,1.0
2020-08-18,25.4,25.5,25.05,25.3,111917.0,0.003968253968253954,1.0
2020-08-19,25.6,26.5,25.15,26.0,193214.0,0.027667984189723382,1.0
2020-08-20,26.0,26.8,25.7,25.95,250012.0,-0.0019230769230769162,1.0
2020-08-21,26.45,28.75,26.15,27.65,421214.0,0.06551059730250475,1.0
2020-08-24,29.55,29.7,28.2,29.05,364517.0,0.05063291139240511,1.0
2020-08-25,29.025,30.275,28.35,29.375,673459.0,0.0509801725103618,1.0
2020-08-26,28.5,30.85,28.5,29.7,982401.0,0.051327433628318486,1.0
2020-08-27,30.4,30.4,28.5,28.85,193183.0,-0.028619528619528545,1.0
2020-08-28,28.85,29.2,27.2,28.45,297684.0,-0.013864818024263537,1.0
2020-08-31,28.95,28.95,27.25,28.05,262518.0,-0.014059753954305698,1.0
2020-09-01,27.5,28.85,27.0,28.5,113224.0,0.016042780748663166,1.0
2020-09-02,28.3,28.5,27.55,28.25,73424.0,-0.00877192982456143,1.0
2020-09-03,28.0,28.45,27.6,28.1,48202.0,-0.005309734513274322,1.0
2020-09-04,27.4,28.6,27.1,28.2,90231.0,0.003558718861209842,1.0
2020-09-07,28.0,30.0,27.6,29.0,181469.0,0.028368794326241176,1.0
2020-09-08,28.5,31.0,28.15,30.15,257278.0,0.039655172413793016,1.0
2020-09-09,28.7,29.75,28.1,28.7,70551.0,-0.04809286898839138,1.0
2020-09-10,28.95,29.95,28.6,29.05,256569.0,0.012195121951219523,1.0
2020-09-11,29.05,29.4,28.6,28.65,30588.0,-0.013769363166953652,1.0
2020-09-14,29.0,29.8,28.4,29.1,57683.0,0.015706806282722585,1.0
2020-09-15,29.2,30.0,28.55,29.0,108067.0,-0.003436426116838587,1.0
2020-09-16,28.6,29.0,28.3,28.9,172777.0,-0.0034482758620689724,1.0
2020-09-17,28.85,28.85,28.0,28.4,80955.0,-0.01730103806228378,1.0
2020-09-18,28.15,28.45,28.0,28.05,200127.0,-0.012323943661971759,1.0
2020-09-21,28.0,28.0,26.4,26.7,131796.0,-0.048128342245989386,1.0
2020-09-22,26.2,27.1,24.65,25.85,75352.0,-0.03183520599250933,1.0
2020-09-23,26.15,26.55,25.2,25.6,60421.0,-0.009671179883945835,1.0
2020-09-24,25.5,25.5,24.5,24.9,187047.0,-0.02734375000000011,1.0
2020-09-25,25.2,25.9,25.0,25.55,91950.0,0.026104417670682833,1.0
2020-09-28,26.15,26.15,24.2,24.95,84399.0,-0.023483365949119483,1.0
2020-09-29,24.8,25.8,24.25,24.5,184836.0,-0.018036072144288595,1.0
2020-09-30,25.05,25.2,24.75,24.9,24043.0,0.01632653061224487,1.0
2020-10-01,25.0,25.4,21.95,25.15,119645.0,0.010040160642570184,1.0
2020-10-05,26.4,29.8,25.65,27.05,348836.0,0.07554671968190863,1.0
2020-10-06,28.1,28.95,27.25,27.95,361753.0,0.03327171903881698,1.0
2020-10-07,27.8,27.8,26.35,26.75,226940.0,-0.04293381037567079,1.0
2020-10-08,26.75,27.75,25.5,26.0,261963.0,-0.028037383177570097,1.0
2020-10-09,26.75,27.25,26.1,26.55,304852.0,0.02115384615384608,1.0
2020-10-12,26.95,26.95,25.0,25.4,120066.0,-0.043314500941619705,1.0
2020-10-13,25.45,25.9,24.8,25.15,63726.0,-0.009842519685039353,1.0
2020-10-14,24.65,25.6,24.6,25.5,76857.0,0.013916500994035852,1.0
2020-10-15,25.85,25.85,24.55,24.95,93767.0,-0.021568627450980427,1.0
2020-10-16,25.05,25.5,24.6,25.15,27949.0,0.008016032064128265,1.0
2020-10-19,25.65,25.65,24.85,25.0,98721.0,-0.005964214711729587,1.0
2020-10-20,25.35,27.0,24.85,25.5,285077.0,0.020000000000000018,1.0
2020-10-21,25.9,25.9,24.5,25.05,202958.0,-0.01764705882352935,1.0
2020-10-22,25.05,25.65,25.0,25.25,130068.0,0.007984031936127733,1.0
2020-10-23,26.0,26.5,25.25,26.35,217852.0,0.0435643564356436,1.0
2020-10-26,27.0,27.45,25.85,26.75,252716.0,0.015180265654648917,1.0
2020-10-27,26.8,27.8,26.0,27.4,292070.0,0.024299065420560595,1.0
2020-10-28,27.4,27.8,25.65,26.25,160060.0,-0.041970802919708006,1.0
2020-10-29,26.95,26.95,25.7,25.95,247669.0,-0.011428571428571455,1.0
2020-10-30,26.2,26.85,25.75,26.05,230826.0,0.003853564547206201,1.0
2020-11-02,26.85,27.15,26.15,26.85,248967.0,0.030710172744721653,1.0
2020-11-03,27.45,27.45,26.65,27.05,192958.0,0.007448789571694592,1.0
2020-11-04,27.65,27.65,26.5,27.4,208502.0,0.012939001848428777,1.0
2020-11-05,27.4,27.65,26.55,27.4,289488.0,0.0,1.0
2020-11-06,27.4,27.95,27.15,27.5,268429.0,0.0036496350364965124,1.0
2020-11-09,26.8,28.45,26.55,27.8,140547.0,0.01090909090909098,1.0
2020-11-10,27.05,28.0,27.05,27.7,103922.0,-0.003597122302158362,1.0
2020-11-11,28.7,28.7,26.8,27.05,83214.0,-0.023465703971119134,1.0
2020-11-12,27.05,27.75,26.65,27.4,103647.0,0.012939001848428777,1.0
2020-11-13,27.9,27.95,27.25,27.4,188964.0,0.0,1.0
2020-11-14,27.95,27.95,27.35,27.6,15489.0,0.007299270072992803,1.0
2020-11-17,27.6,28.6,27.25,28.3,349863.0,0.0253623188405796,1.0
2020-11-18,28.6,28.8,27.5,28.0,423541.0,-0.010600706713780994,1.0
2020-11-19,28.0,28.45,27.65,28.2,680767.0,0.0071428571428571175,1.0
2020-11-20,28.5,30.05,24.5,28.55,1099798.0,0.012411347517730542,1.0
2020-11-23,29.0,30.3,28.9,29.6,584007.0,0.03677758318739066,1.0
2020-11-24,29.55,31.5,29.55,31.0,1211445.0,0.04729729729729715,1.0
2020-11-25,31.35,31.8,30.45,30.75,260143.0,-0.008064516129032251,1.0
2020-11-26,31.2,33.9,30.15,32.75,1003771.0,0.06504065040650397,1.0
2020-11-27,33.0,35.15,32.35,32.65,1175729.0,-0.003053435114503844,1.0
2020-12-01,32.7,35.2,32.65,33.9,734641.0,0.038284839203675425,1.0
2020-12-02,33.55,35.8,33.2,33.7,2320793.0,-0.005899705014749124,1.0
2020-12-03,34.0,34.9,32.55,33.05,1133611.0,-0.01928783382789334,1.0
2020-12-04,34.0,35.5,32.2,33.0,2292022.0,-0.0015128593040846239,1.0
2020-12-07,35.63333333333333,36.88333333333333,34.13333333333333,34.86666666666667,2104064.0,0.0029232750991554646,1.0
2020-12-08,37.266666666666666,38.266666666666666,36.06666666666667,36.733333333333334,1916106.0,0.007359409502395553,1.0
2020-12-09,38.9,39.65,38.0,38.6,1728148.0,0.011795543905635641,1.0
2020-12-10,39.0,39.0,37.05,38.2,699047.0,-0.01036269430051806,1.0
2020-12-11,39.0,39.95,38.4,39.35,1153363.0,0.030104712041884696,1.0
2020-12-14,39.9,41.95,39.5,41.15,1550535.0,0.045743329097839736,1.0
2020-12-15,41.4,44.0,40.8,42.85,2310573.0,0.04131227217496969,1.0
2020-12-16,43.6,44.95,43.3,43.65,900880.0,0.018669778296382722,1.0
2020-12-17,43.95,44.8,41.0,42.05,1127371.0,-0.03665521191294385,1.0
2020-12-18,42.2,45.5,41.8,44.85,1288083.0,0.06658739595719387,1.0
2020-12-21,46.0,46.4,38.7,41.6,1427030.0,-0.07246376811594202,1.0
2020-12-22,41.6,44.0,39.4,42.45,1222428.0,0.02043269230769229,1.0
2020-12-23,42.95,44.35,42.25,44.05,362641.0,0.037691401648998646,1.0
2020-12-24,45.2,45.9,44.55,45.4,539148.0,0.030646992054483624,1.0
2020-12-28,46.0,47.0,45.0,46.3,638127.0,0.01982378854625555,1.0
2020-12-29,47.0,47.2,44.6,45.9,1537359.0,-0.008639308855291516,1.0
2020-12-30,46.2,46.9,44.5,46.1,1503178.0,0.004357298474945592,1.0
2020-12-31,47.05,48.9,47.05,47.85,1235955.0,0.037960954446854656,1.0
2021-01-01,48.1,49.0,46.15,47.75,776440.0,-0.002089864158829724,1.0
2021-01-04,52.480000000000004,53.36,49.97,51.519999999999996,968883.4,-0.007219336582538238,1.0
2021-01-05,56.86,57.72,53.79,55.29,1161326.8,-0.012348809006246752,1.0
2021-01-06,61.24,62.08,57.61,59.059999999999995,1353770.2,-0.017478281429955264,1.0
2021-01-07,65.62,66.44,61.43,62.83,1546213.6,-0.02260775385366378,1.0
2021-01-08,70.0,70.8,65.25,66.6,1738657.0,-0.027737226277372296,1.0
2021-01-11,67.5,69.4,63.5,67.95,1123851.0,0.020270270270270396,1.0
2021-01-12,67.5,69.4,63.5,67.95,1123851.0,0.020270270270270396,1.0
2021-01-13,67.5,69.4,63.5,67.95,1123851.0,0.020270270270270396,1.0
